1,1,0.95,s,1.0
1,1,0.95,a,0.9638671875
1,1,0.95,b,0.0361328125
2,1,0.95,s,0.94921875
2,1,0.95,a,0.9814453125
2,1,0.95,b,0.0
3,1,0.95,s,0.9794921875
3,1,0.95,a,0.99609375
3,1,0.95,b,0.0
4,1,0.95,s,0.99609375
4,1,0.95,a,1.0
4,1,0.95,b,0.0
5,1,0.95,s,1.0
5,1,0.95,a,1.0
5,1,0.95,b,0.0
6,1,0.95,s,1.0
6,1,0.95,a,1.0
6,1,0.95,b,0.0
7,1,0.95,s,1.0
7,1,0.95,a,1.0
7,1,0.95,b,0.0
8,1,0.95,s,1.0
8,1,0.95,a,1.0
8,1,0.95,b,0.0
9,1,0.95,s,0.998046875
9,1,0.95,a,0.998046875
9,1,0.95,b,0.0
10,1,0.95,s,0.998046875
10,1,0.95,a,1.0
10,1,0.95,b,0.0
11,1,0.95,s,1.0
11,1,0.95,a,1.0
11,1,0.95,b,0.0
12,1,0.95,s,1.0
12,1,0.95,a,1.0
12,1,0.95,b,0.0
13,1,0.95,s,1.0
13,1,0.95,a,1.0
13,1,0.95,b,0.0
14,1,0.95,s,1.0
14,1,0.95,a,1.0
14,1,0.95,b,0.0
15,1,0.95,s,1.0
15,1,0.95,a,1.0
15,1,0.95,b,0.0
16,1,0.95,s,0.9970703125
16,1,0.95,a,0.9970703125
16,1,0.95,b,0.0
17,1,0.95,s,0.9970703125
17,1,0.95,a,1.0
17,1,0.95,b,0.0
18,1,0.95,s,0.9990234375
18,1,0.95,a,0.9990234375
18,1,0.95,b,0.0
19,1,0.95,s,0.9990234375
19,1,0.95,a,1.0
19,1,0.95,b,0.0
20,1,0.95,s,1.0
20,1,0.95,a,1.0
20,1,0.95,b,0.0
1,2,0.95,s,1.0
1,2,0.95,a,0.9541015625
1,2,0.95,b,0.0458984375
2,2,0.95,s,0.92578125
2,2,0.95,a,0.9658203125
2,2,0.95,b,0.0
3,2,0.95,s,0.9619140625
3,2,0.95,a,0.990234375
3,2,0.95,b,0.0
4,2,0.95,s,0.990234375
4,2,0.95,a,1.0
4,2,0.95,b,0.0
5,2,0.95,s,1.0
5,2,0.95,a,1.0
5,2,0.95,b,0.0
6,2,0.95,s,1.0
6,2,0.95,a,1.0
6,2,0.95,b,0.0
7,2,0.95,s,1.0
7,2,0.95,a,1.0
7,2,0.95,b,0.0
8,2,0.95,s,1.0
8,2,0.95,a,1.0
8,2,0.95,b,0.0
9,2,0.95,s,1.0
9,2,0.95,a,1.0
9,2,0.95,b,0.0
10,2,0.95,s,1.0
10,2,0.95,a,1.0
10,2,0.95,b,0.0
11,2,0.95,s,1.0
11,2,0.95,a,1.0
11,2,0.95,b,0.0
12,2,0.95,s,0.998046875
12,2,0.95,a,0.998046875
12,2,0.95,b,0.0
13,2,0.95,s,0.998046875
13,2,0.95,a,1.0
13,2,0.95,b,0.0
14,2,0.95,s,0.7333984375
14,2,0.95,a,0.7333984375
14,2,0.95,b,0.0
15,2,0.95,s,0.9140625
15,2,0.95,a,0.7490234375
15,2,0.95,b,0.0
16,2,0.95,s,0.966796875
16,2,0.95,a,0.75
16,2,0.95,b,0.0
17,2,0.95,s,0.9921875
17,2,0.95,a,0.748046875
17,2,0.95,b,0.0
18,2,0.95,s,0.9921875
18,2,0.95,a,0.748046875
18,2,0.95,b,0.0
19,2,0.95,s,0.9853515625
19,2,0.95,a,0.7412109375
19,2,0.95,b,0.0
20,2,0.95,s,0.9912109375
20,2,0.95,a,0.75
20,2,0.95,b,0.0
1,3,0.95,s,1.0
1,3,0.95,a,0.9423828125
1,3,0.95,b,0.0576171875
2,3,0.95,s,0.939453125
2,3,0.95,a,0.9951171875
2,3,0.95,b,0.0
3,3,0.95,s,0.9951171875
3,3,0.95,a,1.0
3,3,0.95,b,0.0
4,3,0.95,s,1.0
4,3,0.95,a,1.0
4,3,0.95,b,0.0
5,3,0.95,s,1.0
5,3,0.95,a,1.0
5,3,0.95,b,0.0
6,3,0.95,s,1.0
6,3,0.95,a,1.0
6,3,0.95,b,0.0
7,3,0.95,s,1.0
7,3,0.95,a,1.0
7,3,0.95,b,0.0
8,3,0.95,s,1.0
8,3,0.95,a,1.0
8,3,0.95,b,0.0
9,3,0.95,s,1.0
9,3,0.95,a,1.0
9,3,0.95,b,0.0
10,3,0.95,s,1.0
10,3,0.95,a,1.0
10,3,0.95,b,0.0
11,3,0.95,s,1.0
11,3,0.95,a,1.0
11,3,0.95,b,0.0
12,3,0.95,s,0.9951171875
12,3,0.95,a,0.9951171875
12,3,0.95,b,0.0
13,3,0.95,s,0.9951171875
13,3,0.95,a,1.0
13,3,0.95,b,0.0
14,3,0.95,s,1.0
14,3,0.95,a,1.0
14,3,0.95,b,0.0
15,3,0.95,s,1.0
15,3,0.95,a,1.0
15,3,0.95,b,0.0
16,3,0.95,s,1.0
16,3,0.95,a,1.0
16,3,0.95,b,0.0
17,3,0.95,s,1.0
17,3,0.95,a,1.0
17,3,0.95,b,0.0
18,3,0.95,s,1.0
18,3,0.95,a,1.0
18,3,0.95,b,0.0
19,3,0.95,s,1.0
19,3,0.95,a,1.0
19,3,0.95,b,0.0
20,3,0.95,s,1.0
20,3,0.95,a,1.0
20,3,0.95,b,0.0
1,4,0.95,s,1.0
1,4,0.95,a,0.9580078125
1,4,0.95,b,0.0419921875
2,4,0.95,s,0.9443359375
2,4,0.95,a,0.984375
2,4,0.95,b,0.0
3,4,0.95,s,0.984375
3,4,0.95,a,1.0
3,4,0.95,b,0.0
4,4,0.95,s,1.0
4,4,0.95,a,1.0
4,4,0.95,b,0.0
5,4,0.95,s,1.0
5,4,0.95,a,1.0
5,4,0.95,b,0.0
6,4,0.95,s,0.9990234375
6,4,0.95,a,0.9990234375
6,4,0.95,b,0.0
7,4,0.95,s,0.9990234375
7,4,0.95,a,1.0
7,4,0.95,b,0.0
8,4,0.95,s,0.9990234375
8,4,0.95,a,0.9990234375
8,4,0.95,b,0.0
9,4,0.95,s,0.9990234375
9,4,0.95,a,1.0
9,4,0.95,b,0.0
10,4,0.95,s,1.0
10,4,0.95,a,1.0
10,4,0.95,b,0.0
11,4,0.95,s,1.0
11,4,0.95,a,1.0
11,4,0.95,b,0.0
12,4,0.95,s,1.0
12,4,0.95,a,1.0
12,4,0.95,b,0.0
13,4,0.95,s,1.0
13,4,0.95,a,1.0
13,4,0.95,b,0.0
14,4,0.95,s,1.0
14,4,0.95,a,1.0
14,4,0.95,b,0.0
15,4,0.95,s,1.0
15,4,0.95,a,1.0
15,4,0.95,b,0.0
16,4,0.95,s,1.0
16,4,0.95,a,1.0
16,4,0.95,b,0.0
17,4,0.95,s,1.0
17,4,0.95,a,1.0
17,4,0.95,b,0.0
18,4,0.95,s,1.0
18,4,0.95,a,1.0
18,4,0.95,b,0.0
19,4,0.95,s,1.0
19,4,0.95,a,1.0
19,4,0.95,b,0.0
20,4,0.95,s,1.0
20,4,0.95,a,1.0
20,4,0.95,b,0.0
1,5,0.95,s,1.0
1,5,0.95,a,0.9560546875
1,5,0.95,b,0.0439453125
2,5,0.95,s,0.955078125
2,5,0.95,a,0.9990234375
2,5,0.95,b,0.0
3,5,0.95,s,0.9990234375
3,5,0.95,a,1.0
3,5,0.95,b,0.0
4,5,0.95,s,1.0
4,5,0.95,a,1.0
4,5,0.95,b,0.0
5,5,0.95,s,1.0
5,5,0.95,a,1.0
5,5,0.95,b,0.0
6,5,0.95,s,1.0
6,5,0.95,a,1.0
6,5,0.95,b,0.0
7,5,0.95,s,1.0
7,5,0.95,a,1.0
7,5,0.95,b,0.0
8,5,0.95,s,1.0
8,5,0.95,a,1.0
8,5,0.95,b,0.0
9,5,0.95,s,1.0
9,5,0.95,a,1.0
9,5,0.95,b,0.0
10,5,0.95,s,1.0
10,5,0.95,a,1.0
10,5,0.95,b,0.0
11,5,0.95,s,1.0
11,5,0.95,a,1.0
11,5,0.95,b,0.0
12,5,0.95,s,1.0
12,5,0.95,a,1.0
12,5,0.95,b,0.0
13,5,0.95,s,1.0
13,5,0.95,a,1.0
13,5,0.95,b,0.0
14,5,0.95,s,1.0
14,5,0.95,a,1.0
14,5,0.95,b,0.0
15,5,0.95,s,1.0
15,5,0.95,a,1.0
15,5,0.95,b,0.0
16,5,0.95,s,1.0
16,5,0.95,a,1.0
16,5,0.95,b,0.0
17,5,0.95,s,1.0
17,5,0.95,a,1.0
17,5,0.95,b,0.0
18,5,0.95,s,1.0
18,5,0.95,a,1.0
18,5,0.95,b,0.0
19,5,0.95,s,1.0
19,5,0.95,a,1.0
19,5,0.95,b,0.0
20,5,0.95,s,1.0
20,5,0.95,a,1.0
20,5,0.95,b,0.0
1,6,0.95,s,1.0
1,6,0.95,a,0.95703125
1,6,0.95,b,0.04296875
2,6,0.95,s,0.9541015625
2,6,0.95,a,0.99609375
2,6,0.95,b,0.0
3,6,0.95,s,0.99609375
3,6,0.95,a,1.0
3,6,0.95,b,0.0
4,6,0.95,s,1.0
4,6,0.95,a,1.0
4,6,0.95,b,0.0
5,6,0.95,s,1.0
5,6,0.95,a,1.0
5,6,0.95,b,0.0
6,6,0.95,s,1.0
6,6,0.95,a,1.0
6,6,0.95,b,0.0
7,6,0.95,s,1.0
7,6,0.95,a,1.0
7,6,0.95,b,0.0
8,6,0.95,s,1.0
8,6,0.95,a,1.0
8,6,0.95,b,0.0
9,6,0.95,s,1.0
9,6,0.95,a,1.0
9,6,0.95,b,0.0
10,6,0.95,s,1.0
10,6,0.95,a,1.0
10,6,0.95,b,0.0
11,6,0.95,s,1.0
11,6,0.95,a,1.0
11,6,0.95,b,0.0
12,6,0.95,s,1.0
12,6,0.95,a,1.0
12,6,0.95,b,0.0
13,6,0.95,s,1.0
13,6,0.95,a,1.0
13,6,0.95,b,0.0
14,6,0.95,s,1.0
14,6,0.95,a,1.0
14,6,0.95,b,0.0
15,6,0.95,s,1.0
15,6,0.95,a,1.0
15,6,0.95,b,0.0
16,6,0.95,s,1.0
16,6,0.95,a,1.0
16,6,0.95,b,0.0
17,6,0.95,s,1.0
17,6,0.95,a,1.0
17,6,0.95,b,0.0
18,6,0.95,s,1.0
18,6,0.95,a,1.0
18,6,0.95,b,0.0
19,6,0.95,s,1.0
19,6,0.95,a,1.0
19,6,0.95,b,0.0
20,6,0.95,s,1.0
20,6,0.95,a,1.0
20,6,0.95,b,0.0
1,7,0.95,s,1.0
1,7,0.95,a,0.94140625
1,7,0.95,b,0.05859375
2,7,0.95,s,0.9326171875
2,7,0.95,a,0.990234375
2,7,0.95,b,0.0
3,7,0.95,s,0.990234375
3,7,0.95,a,1.0
3,7,0.95,b,0.0
4,7,0.95,s,1.0
4,7,0.95,a,1.0
4,7,0.95,b,0.0
5,7,0.95,s,0.9990234375
5,7,0.95,a,0.9990234375
5,7,0.95,b,0.0
6,7,0.95,s,0.9990234375
6,7,0.95,a,1.0
6,7,0.95,b,0.0
7,7,0.95,s,1.0
7,7,0.95,a,1.0
7,7,0.95,b,0.0
8,7,0.95,s,1.0
8,7,0.95,a,1.0
8,7,0.95,b,0.0
9,7,0.95,s,1.0
9,7,0.95,a,1.0
9,7,0.95,b,0.0
10,7,0.95,s,1.0
10,7,0.95,a,1.0
10,7,0.95,b,0.0
11,7,0.95,s,1.0
11,7,0.95,a,1.0
11,7,0.95,b,0.0
12,7,0.95,s,1.0
12,7,0.95,a,1.0
12,7,0.95,b,0.0
13,7,0.95,s,1.0
13,7,0.95,a,1.0
13,7,0.95,b,0.0
14,7,0.95,s,1.0
14,7,0.95,a,1.0
14,7,0.95,b,0.0
15,7,0.95,s,1.0
15,7,0.95,a,1.0
15,7,0.95,b,0.0
16,7,0.95,s,1.0
16,7,0.95,a,1.0
16,7,0.95,b,0.0
17,7,0.95,s,1.0
17,7,0.95,a,1.0
17,7,0.95,b,0.0
18,7,0.95,s,0.9990234375
18,7,0.95,a,0.9990234375
18,7,0.95,b,0.0
19,7,0.95,s,0.9990234375
19,7,0.95,a,1.0
19,7,0.95,b,0.0
20,7,0.95,s,1.0
20,7,0.95,a,1.0
20,7,0.95,b,0.0
1,8,0.95,s,1.0
1,8,0.95,a,0.9482421875
1,8,0.95,b,0.0517578125
2,8,0.95,s,0.94140625
2,8,0.95,a,0.9921875
2,8,0.95,b,0.0
3,8,0.95,s,0.9921875
3,8,0.95,a,1.0
3,8,0.95,b,0.0
4,8,0.95,s,1.0
4,8,0.95,a,1.0
4,8,0.95,b,0.0
5,8,0.95,s,1.0
5,8,0.95,a,1.0
5,8,0.95,b,0.0
6,8,0.95,s,1.0
6,8,0.95,a,1.0
6,8,0.95,b,0.0
7,8,0.95,s,1.0
7,8,0.95,a,1.0
7,8,0.95,b,0.0
8,8,0.95,s,1.0
8,8,0.95,a,1.0
8,8,0.95,b,0.0
9,8,0.95,s,1.0
9,8,0.95,a,1.0
9,8,0.95,b,0.0
10,8,0.95,s,1.0
10,8,0.95,a,1.0
10,8,0.95,b,0.0
11,8,0.95,s,1.0
11,8,0.95,a,1.0
11,8,0.95,b,0.0
12,8,0.95,s,1.0
12,8,0.95,a,1.0
12,8,0.95,b,0.0
13,8,0.95,s,1.0
13,8,0.95,a,1.0
13,8,0.95,b,0.0
14,8,0.95,s,1.0
14,8,0.95,a,1.0
14,8,0.95,b,0.0
15,8,0.95,s,1.0
15,8,0.95,a,1.0
15,8,0.95,b,0.0
16,8,0.95,s,1.0
16,8,0.95,a,1.0
16,8,0.95,b,0.0
17,8,0.95,s,1.0
17,8,0.95,a,1.0
17,8,0.95,b,0.0
18,8,0.95,s,1.0
18,8,0.95,a,1.0
18,8,0.95,b,0.0
19,8,0.95,s,1.0
19,8,0.95,a,1.0
19,8,0.95,b,0.0
20,8,0.95,s,1.0
20,8,0.95,a,1.0
20,8,0.95,b,0.0
1,9,0.95,s,1.0
1,9,0.95,a,0.93359375
1,9,0.95,b,0.06640625
2,9,0.95,s,0.93359375
2,9,0.95,a,1.0
2,9,0.95,b,0.0
3,9,0.95,s,1.0
3,9,0.95,a,1.0
3,9,0.95,b,0.0
4,9,0.95,s,1.0
4,9,0.95,a,1.0
4,9,0.95,b,0.0
5,9,0.95,s,0.9990234375
5,9,0.95,a,0.9990234375
5,9,0.95,b,0.0
6,9,0.95,s,0.9990234375
6,9,0.95,a,1.0
6,9,0.95,b,0.0
7,9,0.95,s,1.0
7,9,0.95,a,1.0
7,9,0.95,b,0.0
8,9,0.95,s,1.0
8,9,0.95,a,1.0
8,9,0.95,b,0.0
9,9,0.95,s,1.0
9,9,0.95,a,1.0
9,9,0.95,b,0.0
10,9,0.95,s,1.0
10,9,0.95,a,1.0
10,9,0.95,b,0.0
11,9,0.95,s,1.0
11,9,0.95,a,1.0
11,9,0.95,b,0.0
12,9,0.95,s,1.0
12,9,0.95,a,1.0
12,9,0.95,b,0.0
13,9,0.95,s,1.0
13,9,0.95,a,1.0
13,9,0.95,b,0.0
14,9,0.95,s,1.0
14,9,0.95,a,1.0
14,9,0.95,b,0.0
15,9,0.95,s,1.0
15,9,0.95,a,1.0
15,9,0.95,b,0.0
16,9,0.95,s,1.0
16,9,0.95,a,1.0
16,9,0.95,b,0.0
17,9,0.95,s,1.0
17,9,0.95,a,1.0
17,9,0.95,b,0.0
18,9,0.95,s,1.0
18,9,0.95,a,1.0
18,9,0.95,b,0.0
19,9,0.95,s,1.0
19,9,0.95,a,1.0
19,9,0.95,b,0.0
20,9,0.95,s,1.0
20,9,0.95,a,1.0
20,9,0.95,b,0.0
1,10,0.95,s,1.0
1,10,0.95,a,0.958984375
1,10,0.95,b,0.041015625
2,10,0.95,s,0.9326171875
2,10,0.95,a,0.9677734375
2,10,0.95,b,0.0
3,10,0.95,s,0.9736328125
3,10,0.95,a,0.9892578125
3,10,0.95,b,0.0
4,10,0.95,s,0.9892578125
4,10,0.95,a,1.0
4,10,0.95,b,0.0
5,10,0.95,s,1.0
5,10,0.95,a,1.0
5,10,0.95,b,0.0
6,10,0.95,s,1.0
6,10,0.95,a,1.0
6,10,0.95,b,0.0
7,10,0.95,s,1.0
7,10,0.95,a,1.0
7,10,0.95,b,0.0
8,10,0.95,s,1.0
8,10,0.95,a,1.0
8,10,0.95,b,0.0
9,10,0.95,s,1.0
9,10,0.95,a,1.0
9,10,0.95,b,0.0
10,10,0.95,s,1.0
10,10,0.95,a,1.0
10,10,0.95,b,0.0
11,10,0.95,s,1.0
11,10,0.95,a,1.0
11,10,0.95,b,0.0
12,10,0.95,s,1.0
12,10,0.95,a,1.0
12,10,0.95,b,0.0
13,10,0.95,s,1.0
13,10,0.95,a,1.0
13,10,0.95,b,0.0
14,10,0.95,s,1.0
14,10,0.95,a,1.0
14,10,0.95,b,0.0
15,10,0.95,s,1.0
15,10,0.95,a,1.0
15,10,0.95,b,0.0
16,10,0.95,s,1.0
16,10,0.95,a,1.0
16,10,0.95,b,0.0
17,10,0.95,s,1.0
17,10,0.95,a,1.0
17,10,0.95,b,0.0
18,10,0.95,s,1.0
18,10,0.95,a,1.0
18,10,0.95,b,0.0
19,10,0.95,s,1.0
19,10,0.95,a,1.0
19,10,0.95,b,0.0
20,10,0.95,s,1.0
20,10,0.95,a,1.0
20,10,0.95,b,0.0
1,11,0.95,s,1.0
1,11,0.95,a,0.9580078125
1,11,0.95,b,0.0419921875
2,11,0.95,s,0.9560546875
2,11,0.95,a,0.9970703125
2,11,0.95,b,0.0
3,11,0.95,s,0.9970703125
3,11,0.95,a,1.0
3,11,0.95,b,0.0
4,11,0.95,s,1.0
4,11,0.95,a,1.0
4,11,0.95,b,0.0
5,11,0.95,s,1.0
5,11,0.95,a,1.0
5,11,0.95,b,0.0
6,11,0.95,s,1.0
6,11,0.95,a,1.0
6,11,0.95,b,0.0
7,11,0.95,s,1.0
7,11,0.95,a,1.0
7,11,0.95,b,0.0
8,11,0.95,s,1.0
8,11,0.95,a,1.0
8,11,0.95,b,0.0
9,11,0.95,s,1.0
9,11,0.95,a,1.0
9,11,0.95,b,0.0
10,11,0.95,s,1.0
10,11,0.95,a,1.0
10,11,0.95,b,0.0
11,11,0.95,s,1.0
11,11,0.95,a,1.0
11,11,0.95,b,0.0
12,11,0.95,s,1.0
12,11,0.95,a,1.0
12,11,0.95,b,0.0
13,11,0.95,s,1.0
13,11,0.95,a,1.0
13,11,0.95,b,0.0
14,11,0.95,s,1.0
14,11,0.95,a,1.0
14,11,0.95,b,0.0
15,11,0.95,s,1.0
15,11,0.95,a,1.0
15,11,0.95,b,0.0
16,11,0.95,s,1.0
16,11,0.95,a,1.0
16,11,0.95,b,0.0
17,11,0.95,s,1.0
17,11,0.95,a,1.0
17,11,0.95,b,0.0
18,11,0.95,s,0.998046875
18,11,0.95,a,0.998046875
18,11,0.95,b,0.0
19,11,0.95,s,0.998046875
19,11,0.95,a,1.0
19,11,0.95,b,0.0
20,11,0.95,s,1.0
20,11,0.95,a,1.0
20,11,0.95,b,0.0
1,12,0.95,s,1.0
1,12,0.95,a,0.9619140625
1,12,0.95,b,0.0380859375
2,12,0.95,s,0.939453125
2,12,0.95,a,0.9736328125
2,12,0.95,b,0.0
3,12,0.95,s,0.970703125
3,12,0.95,a,0.9892578125
3,12,0.95,b,0.0
4,12,0.95,s,0.98828125
4,12,0.95,a,0.99609375
4,12,0.95,b,0.0
5,12,0.95,s,0.99609375
5,12,0.95,a,1.0
5,12,0.95,b,0.0
6,12,0.95,s,1.0
6,12,0.95,a,1.0
6,12,0.95,b,0.0
7,12,0.95,s,1.0
7,12,0.95,a,1.0
7,12,0.95,b,0.0
8,12,0.95,s,1.0
8,12,0.95,a,1.0
8,12,0.95,b,0.0
9,12,0.95,s,1.0
9,12,0.95,a,1.0
9,12,0.95,b,0.0
10,12,0.95,s,1.0
10,12,0.95,a,1.0
10,12,0.95,b,0.0
11,12,0.95,s,1.0
11,12,0.95,a,1.0
11,12,0.95,b,0.0
12,12,0.95,s,1.0
12,12,0.95,a,1.0
12,12,0.95,b,0.0
13,12,0.95,s,0.9990234375
13,12,0.95,a,0.9990234375
13,12,0.95,b,0.0
14,12,0.95,s,0.9990234375
14,12,0.95,a,1.0
14,12,0.95,b,0.0
15,12,0.95,s,1.0
15,12,0.95,a,1.0
15,12,0.95,b,0.0
16,12,0.95,s,0.9990234375
16,12,0.95,a,0.9990234375
16,12,0.95,b,0.0
17,12,0.95,s,0.9990234375
17,12,0.95,a,1.0
17,12,0.95,b,0.0
18,12,0.95,s,1.0
18,12,0.95,a,1.0
18,12,0.95,b,0.0
19,12,0.95,s,1.0
19,12,0.95,a,1.0
19,12,0.95,b,0.0
20,12,0.95,s,1.0
20,12,0.95,a,1.0
20,12,0.95,b,0.0
1,13,0.95,s,1.0
1,13,0.95,a,0.953125
1,13,0.95,b,0.046875
2,13,0.95,s,0.9521484375
2,13,0.95,a,0.998046875
2,13,0.95,b,0.0
3,13,0.95,s,0.998046875
3,13,0.95,a,1.0
3,13,0.95,b,0.0
4,13,0.95,s,1.0
4,13,0.95,a,1.0
4,13,0.95,b,0.0
5,13,0.95,s,1.0
5,13,0.95,a,1.0
5,13,0.95,b,0.0
6,13,0.95,s,1.0
6,13,0.95,a,1.0
6,13,0.95,b,0.0
7,13,0.95,s,1.0
7,13,0.95,a,1.0
7,13,0.95,b,0.0
8,13,0.95,s,1.0
8,13,0.95,a,1.0
8,13,0.95,b,0.0
9,13,0.95,s,1.0
9,13,0.95,a,1.0
9,13,0.95,b,0.0
10,13,0.95,s,1.0
10,13,0.95,a,1.0
10,13,0.95,b,0.0
11,13,0.95,s,0.9970703125
11,13,0.95,a,0.9970703125
11,13,0.95,b,0.0
12,13,0.95,s,0.9970703125
12,13,0.95,a,1.0
12,13,0.95,b,0.0
13,13,0.95,s,1.0
13,13,0.95,a,1.0
13,13,0.95,b,0.0
14,13,0.95,s,1.0
14,13,0.95,a,1.0
14,13,0.95,b,0.0
15,13,0.95,s,0.998046875
15,13,0.95,a,0.998046875
15,13,0.95,b,0.0
16,13,0.95,s,0.998046875
16,13,0.95,a,1.0
16,13,0.95,b,0.0
17,13,0.95,s,1.0
17,13,0.95,a,1.0
17,13,0.95,b,0.0
18,13,0.95,s,1.0
18,13,0.95,a,1.0
18,13,0.95,b,0.0
19,13,0.95,s,1.0
19,13,0.95,a,1.0
19,13,0.95,b,0.0
20,13,0.95,s,1.0
20,13,0.95,a,1.0
20,13,0.95,b,0.0
1,14,0.95,s,1.0
1,14,0.95,a,0.955078125
1,14,0.95,b,0.044921875
2,14,0.95,s,0.955078125
2,14,0.95,a,0.9990234375
2,14,0.95,b,0.0
3,14,0.95,s,0.998046875
3,14,0.95,a,0.9990234375
3,14,0.95,b,0.0
4,14,0.95,s,0.9990234375
4,14,0.95,a,1.0
4,14,0.95,b,0.0
5,14,0.95,s,1.0
5,14,0.95,a,1.0
5,14,0.95,b,0.0
6,14,0.95,s,1.0
6,14,0.95,a,1.0
6,14,0.95,b,0.0
7,14,0.95,s,1.0
7,14,0.95,a,1.0
7,14,0.95,b,0.0
8,14,0.95,s,1.0
8,14,0.95,a,1.0
8,14,0.95,b,0.0
9,14,0.95,s,1.0
9,14,0.95,a,1.0
9,14,0.95,b,0.0
10,14,0.95,s,1.0
10,14,0.95,a,1.0
10,14,0.95,b,0.0
11,14,0.95,s,1.0
11,14,0.95,a,1.0
11,14,0.95,b,0.0
12,14,0.95,s,1.0
12,14,0.95,a,1.0
12,14,0.95,b,0.0
13,14,0.95,s,1.0
13,14,0.95,a,1.0
13,14,0.95,b,0.0
14,14,0.95,s,0.9990234375
14,14,0.95,a,0.9990234375
14,14,0.95,b,0.0
15,14,0.95,s,0.9990234375
15,14,0.95,a,1.0
15,14,0.95,b,0.0
16,14,0.95,s,1.0
16,14,0.95,a,1.0
16,14,0.95,b,0.0
17,14,0.95,s,1.0
17,14,0.95,a,1.0
17,14,0.95,b,0.0
18,14,0.95,s,1.0
18,14,0.95,a,1.0
18,14,0.95,b,0.0
19,14,0.95,s,1.0
19,14,0.95,a,1.0
19,14,0.95,b,0.0
20,14,0.95,s,1.0
20,14,0.95,a,1.0
20,14,0.95,b,0.0
1,15,0.95,s,1.0
1,15,0.95,a,0.947265625
1,15,0.95,b,0.052734375
2,15,0.95,s,0.947265625
2,15,0.95,a,1.0
2,15,0.95,b,0.0
3,15,0.95,s,1.0
3,15,0.95,a,1.0
3,15,0.95,b,0.0
4,15,0.95,s,1.0
4,15,0.95,a,1.0
4,15,0.95,b,0.0
5,15,0.95,s,1.0
5,15,0.95,a,1.0
5,15,0.95,b,0.0
6,15,0.95,s,1.0
6,15,0.95,a,1.0
6,15,0.95,b,0.0
7,15,0.95,s,1.0
7,15,0.95,a,1.0
7,15,0.95,b,0.0
8,15,0.95,s,1.0
8,15,0.95,a,1.0
8,15,0.95,b,0.0
9,15,0.95,s,1.0
9,15,0.95,a,1.0
9,15,0.95,b,0.0
10,15,0.95,s,1.0
10,15,0.95,a,1.0
10,15,0.95,b,0.0
11,15,0.95,s,1.0
11,15,0.95,a,1.0
11,15,0.95,b,0.0
12,15,0.95,s,1.0
12,15,0.95,a,1.0
12,15,0.95,b,0.0
13,15,0.95,s,0.962890625
13,15,0.95,a,0.962890625
13,15,0.95,b,0.0
14,15,0.95,s,0.962890625
14,15,0.95,a,1.0
14,15,0.95,b,0.0
15,15,0.95,s,1.0
15,15,0.95,a,1.0
15,15,0.95,b,0.0
16,15,0.95,s,1.0
16,15,0.95,a,1.0
16,15,0.95,b,0.0
17,15,0.95,s,1.0
17,15,0.95,a,1.0
17,15,0.95,b,0.0
18,15,0.95,s,1.0
18,15,0.95,a,1.0
18,15,0.95,b,0.0
19,15,0.95,s,1.0
19,15,0.95,a,1.0
19,15,0.95,b,0.0
20,15,0.95,s,1.0
20,15,0.95,a,1.0
20,15,0.95,b,0.0
1,16,0.95,s,1.0
1,16,0.95,a,0.9521484375
1,16,0.95,b,0.0478515625
2,16,0.95,s,0.9482421875
2,16,0.95,a,0.9951171875
2,16,0.95,b,0.0
3,16,0.95,s,0.9951171875
3,16,0.95,a,1.0
3,16,0.95,b,0.0
4,16,0.95,s,1.0
4,16,0.95,a,1.0
4,16,0.95,b,0.0
5,16,0.95,s,1.0
5,16,0.95,a,1.0
5,16,0.95,b,0.0
6,16,0.95,s,1.0
6,16,0.95,a,1.0
6,16,0.95,b,0.0
7,16,0.95,s,1.0
7,16,0.95,a,1.0
7,16,0.95,b,0.0
8,16,0.95,s,1.0
8,16,0.95,a,1.0
8,16,0.95,b,0.0
9,16,0.95,s,1.0
9,16,0.95,a,1.0
9,16,0.95,b,0.0
10,16,0.95,s,0.99609375
10,16,0.95,a,0.99609375
10,16,0.95,b,0.0
11,16,0.95,s,0.99609375
11,16,0.95,a,1.0
11,16,0.95,b,0.0
12,16,0.95,s,1.0
12,16,0.95,a,1.0
12,16,0.95,b,0.0
13,16,0.95,s,1.0
13,16,0.95,a,1.0
13,16,0.95,b,0.0
14,16,0.95,s,1.0
14,16,0.95,a,1.0
14,16,0.95,b,0.0
15,16,0.95,s,1.0
15,16,0.95,a,1.0
15,16,0.95,b,0.0
16,16,0.95,s,1.0
16,16,0.95,a,1.0
16,16,0.95,b,0.0
17,16,0.95,s,1.0
17,16,0.95,a,1.0
17,16,0.95,b,0.0
18,16,0.95,s,1.0
18,16,0.95,a,1.0
18,16,0.95,b,0.0
19,16,0.95,s,1.0
19,16,0.95,a,1.0
19,16,0.95,b,0.0
20,16,0.95,s,1.0
20,16,0.95,a,1.0
20,16,0.95,b,0.0
1,17,0.95,s,1.0
1,17,0.95,a,0.95703125
1,17,0.95,b,0.04296875
2,17,0.95,s,0.943359375
2,17,0.95,a,0.9833984375
2,17,0.95,b,0.0
3,17,0.95,s,0.9833984375
3,17,0.95,a,1.0
3,17,0.95,b,0.0
4,17,0.95,s,1.0
4,17,0.95,a,1.0
4,17,0.95,b,0.0
5,17,0.95,s,1.0
5,17,0.95,a,1.0
5,17,0.95,b,0.0
6,17,0.95,s,1.0
6,17,0.95,a,1.0
6,17,0.95,b,0.0
7,17,0.95,s,1.0
7,17,0.95,a,1.0
7,17,0.95,b,0.0
8,17,0.95,s,1.0
8,17,0.95,a,1.0
8,17,0.95,b,0.0
9,17,0.95,s,1.0
9,17,0.95,a,1.0
9,17,0.95,b,0.0
10,17,0.95,s,1.0
10,17,0.95,a,1.0
10,17,0.95,b,0.0
11,17,0.95,s,1.0
11,17,0.95,a,1.0
11,17,0.95,b,0.0
12,17,0.95,s,1.0
12,17,0.95,a,1.0
12,17,0.95,b,0.0
13,17,0.95,s,0.9990234375
13,17,0.95,a,0.9990234375
13,17,0.95,b,0.0
14,17,0.95,s,0.9990234375
14,17,0.95,a,1.0
14,17,0.95,b,0.0
15,17,0.95,s,1.0
15,17,0.95,a,1.0
15,17,0.95,b,0.0
16,17,0.95,s,1.0
16,17,0.95,a,1.0
16,17,0.95,b,0.0
17,17,0.95,s,1.0
17,17,0.95,a,1.0
17,17,0.95,b,0.0
18,17,0.95,s,1.0
18,17,0.95,a,1.0
18,17,0.95,b,0.0
19,17,0.95,s,1.0
19,17,0.95,a,1.0
19,17,0.95,b,0.0
20,17,0.95,s,1.0
20,17,0.95,a,1.0
20,17,0.95,b,0.0
1,18,0.95,s,1.0
1,18,0.95,a,0.953125
1,18,0.95,b,0.046875
2,18,0.95,s,0.9521484375
2,18,0.95,a,0.9990234375
2,18,0.95,b,0.0
3,18,0.95,s,0.9990234375
3,18,0.95,a,1.0
3,18,0.95,b,0.0
4,18,0.95,s,1.0
4,18,0.95,a,1.0
4,18,0.95,b,0.0
5,18,0.95,s,1.0
5,18,0.95,a,1.0
5,18,0.95,b,0.0
6,18,0.95,s,1.0
6,18,0.95,a,1.0
6,18,0.95,b,0.0
7,18,0.95,s,1.0
7,18,0.95,a,1.0
7,18,0.95,b,0.0
8,18,0.95,s,1.0
8,18,0.95,a,1.0
8,18,0.95,b,0.0
9,18,0.95,s,1.0
9,18,0.95,a,1.0
9,18,0.95,b,0.0
10,18,0.95,s,1.0
10,18,0.95,a,1.0
10,18,0.95,b,0.0
11,18,0.95,s,1.0
11,18,0.95,a,1.0
11,18,0.95,b,0.0
12,18,0.95,s,1.0
12,18,0.95,a,1.0
12,18,0.95,b,0.0
13,18,0.95,s,1.0
13,18,0.95,a,1.0
13,18,0.95,b,0.0
14,18,0.95,s,1.0
14,18,0.95,a,1.0
14,18,0.95,b,0.0
15,18,0.95,s,1.0
15,18,0.95,a,1.0
15,18,0.95,b,0.0
16,18,0.95,s,1.0
16,18,0.95,a,1.0
16,18,0.95,b,0.0
17,18,0.95,s,1.0
17,18,0.95,a,1.0
17,18,0.95,b,0.0
18,18,0.95,s,1.0
18,18,0.95,a,1.0
18,18,0.95,b,0.0
19,18,0.95,s,1.0
19,18,0.95,a,1.0
19,18,0.95,b,0.0
20,18,0.95,s,1.0
20,18,0.95,a,1.0
20,18,0.95,b,0.0
1,19,0.95,s,1.0
1,19,0.95,a,0.9541015625
1,19,0.95,b,0.0458984375
2,19,0.95,s,0.9521484375
2,19,0.95,a,0.998046875
2,19,0.95,b,0.0
3,19,0.95,s,0.998046875
3,19,0.95,a,1.0
3,19,0.95,b,0.0
4,19,0.95,s,1.0
4,19,0.95,a,1.0
4,19,0.95,b,0.0
5,19,0.95,s,1.0
5,19,0.95,a,1.0
5,19,0.95,b,0.0
6,19,0.95,s,1.0
6,19,0.95,a,1.0
6,19,0.95,b,0.0
7,19,0.95,s,1.0
7,19,0.95,a,1.0
7,19,0.95,b,0.0
8,19,0.95,s,1.0
8,19,0.95,a,1.0
8,19,0.95,b,0.0
9,19,0.95,s,1.0
9,19,0.95,a,1.0
9,19,0.95,b,0.0
10,19,0.95,s,1.0
10,19,0.95,a,1.0
10,19,0.95,b,0.0
11,19,0.95,s,1.0
11,19,0.95,a,1.0
11,19,0.95,b,0.0
12,19,0.95,s,1.0
12,19,0.95,a,1.0
12,19,0.95,b,0.0
13,19,0.95,s,0.7001953125
13,19,0.95,a,0.7001953125
13,19,0.95,b,0.0
14,19,0.95,s,0.86328125
14,19,0.95,a,0.7265625
14,19,0.95,b,0.0
15,19,0.95,s,0.9169921875
15,19,0.95,a,0.75
15,19,0.95,b,0.0
16,19,0.95,s,0.978515625
16,19,0.95,a,0.75
16,19,0.95,b,0.0
17,19,0.95,s,1.0
17,19,0.95,a,0.75
17,19,0.95,b,0.0
18,19,0.95,s,0.9912109375
18,19,0.95,a,0.7412109375
18,19,0.95,b,0.0
19,19,0.95,s,0.990234375
19,19,0.95,a,0.7490234375
19,19,0.95,b,0.0
20,19,0.95,s,0.9970703125
20,19,0.95,a,0.748046875
20,19,0.95,b,0.0
1,20,0.95,s,1.0
1,20,0.95,a,0.947265625
1,20,0.95,b,0.052734375
2,20,0.95,s,0.9404296875
2,20,0.95,a,0.9931640625
2,20,0.95,b,0.0
3,20,0.95,s,0.9931640625
3,20,0.95,a,1.0
3,20,0.95,b,0.0
4,20,0.95,s,1.0
4,20,0.95,a,1.0
4,20,0.95,b,0.0
5,20,0.95,s,0.9990234375
5,20,0.95,a,0.9990234375
5,20,0.95,b,0.0
6,20,0.95,s,0.9990234375
6,20,0.95,a,1.0
6,20,0.95,b,0.0
7,20,0.95,s,1.0
7,20,0.95,a,1.0
7,20,0.95,b,0.0
8,20,0.95,s,0.9990234375
8,20,0.95,a,0.9990234375
8,20,0.95,b,0.0
9,20,0.95,s,0.9990234375
9,20,0.95,a,1.0
9,20,0.95,b,0.0
10,20,0.95,s,1.0
10,20,0.95,a,1.0
10,20,0.95,b,0.0
11,20,0.95,s,1.0
11,20,0.95,a,1.0
11,20,0.95,b,0.0
12,20,0.95,s,1.0
12,20,0.95,a,1.0
12,20,0.95,b,0.0
13,20,0.95,s,1.0
13,20,0.95,a,1.0
13,20,0.95,b,0.0
14,20,0.95,s,0.9990234375
14,20,0.95,a,0.9990234375
14,20,0.95,b,0.0
15,20,0.95,s,0.9990234375
15,20,0.95,a,1.0
15,20,0.95,b,0.0
16,20,0.95,s,1.0
16,20,0.95,a,1.0
16,20,0.95,b,0.0
17,20,0.95,s,1.0
17,20,0.95,a,1.0
17,20,0.95,b,0.0
18,20,0.95,s,1.0
18,20,0.95,a,1.0
18,20,0.95,b,0.0
19,20,0.95,s,1.0
19,20,0.95,a,1.0
19,20,0.95,b,0.0
20,20,0.95,s,1.0
20,20,0.95,a,1.0
20,20,0.95,b,0.0
1,21,0.95,s,1.0
1,21,0.95,a,0.9521484375
1,21,0.95,b,0.0478515625
2,21,0.95,s,0.9521484375
2,21,0.95,a,0.9990234375
2,21,0.95,b,0.0
3,21,0.95,s,0.9990234375
3,21,0.95,a,1.0
3,21,0.95,b,0.0
4,21,0.95,s,1.0
4,21,0.95,a,1.0
4,21,0.95,b,0.0
5,21,0.95,s,1.0
5,21,0.95,a,1.0
5,21,0.95,b,0.0
6,21,0.95,s,1.0
6,21,0.95,a,1.0
6,21,0.95,b,0.0
7,21,0.95,s,1.0
7,21,0.95,a,1.0
7,21,0.95,b,0.0
8,21,0.95,s,1.0
8,21,0.95,a,1.0
8,21,0.95,b,0.0
9,21,0.95,s,1.0
9,21,0.95,a,1.0
9,21,0.95,b,0.0
10,21,0.95,s,1.0
10,21,0.95,a,1.0
10,21,0.95,b,0.0
11,21,0.95,s,1.0
11,21,0.95,a,1.0
11,21,0.95,b,0.0
12,21,0.95,s,0.9990234375
12,21,0.95,a,0.9990234375
12,21,0.95,b,0.0
13,21,0.95,s,0.9990234375
13,21,0.95,a,1.0
13,21,0.95,b,0.0
14,21,0.95,s,1.0
14,21,0.95,a,1.0
14,21,0.95,b,0.0
15,21,0.95,s,1.0
15,21,0.95,a,1.0
15,21,0.95,b,0.0
16,21,0.95,s,1.0
16,21,0.95,a,1.0
16,21,0.95,b,0.0
17,21,0.95,s,1.0
17,21,0.95,a,1.0
17,21,0.95,b,0.0
18,21,0.95,s,1.0
18,21,0.95,a,1.0
18,21,0.95,b,0.0
19,21,0.95,s,1.0
19,21,0.95,a,1.0
19,21,0.95,b,0.0
20,21,0.95,s,1.0
20,21,0.95,a,1.0
20,21,0.95,b,0.0
1,22,0.95,s,1.0
1,22,0.95,a,0.9462890625
1,22,0.95,b,0.0537109375
2,22,0.95,s,0.9169921875
2,22,0.95,a,0.9658203125
2,22,0.95,b,0.0
3,22,0.95,s,0.9658203125
3,22,0.95,a,1.0
3,22,0.95,b,0.0
4,22,0.95,s,1.0
4,22,0.95,a,1.0
4,22,0.95,b,0.0
5,22,0.95,s,1.0
5,22,0.95,a,1.0
5,22,0.95,b,0.0
6,22,0.95,s,1.0
6,22,0.95,a,1.0
6,22,0.95,b,0.0
7,22,0.95,s,1.0
7,22,0.95,a,1.0
7,22,0.95,b,0.0
8,22,0.95,s,1.0
8,22,0.95,a,1.0
8,22,0.95,b,0.0
9,22,0.95,s,1.0
9,22,0.95,a,1.0
9,22,0.95,b,0.0
10,22,0.95,s,1.0
10,22,0.95,a,1.0
10,22,0.95,b,0.0
11,22,0.95,s,1.0
11,22,0.95,a,1.0
11,22,0.95,b,0.0
12,22,0.95,s,1.0
12,22,0.95,a,1.0
12,22,0.95,b,0.0
13,22,0.95,s,0.9990234375
13,22,0.95,a,0.9990234375
13,22,0.95,b,0.0
14,22,0.95,s,0.9990234375
14,22,0.95,a,1.0
14,22,0.95,b,0.0
15,22,0.95,s,1.0
15,22,0.95,a,1.0
15,22,0.95,b,0.0
16,22,0.95,s,1.0
16,22,0.95,a,1.0
16,22,0.95,b,0.0
17,22,0.95,s,1.0
17,22,0.95,a,1.0
17,22,0.95,b,0.0
18,22,0.95,s,1.0
18,22,0.95,a,1.0
18,22,0.95,b,0.0
19,22,0.95,s,1.0
19,22,0.95,a,1.0
19,22,0.95,b,0.0
20,22,0.95,s,1.0
20,22,0.95,a,1.0
20,22,0.95,b,0.0
1,23,0.95,s,1.0
1,23,0.95,a,0.955078125
1,23,0.95,b,0.044921875
2,23,0.95,s,0.953125
2,23,0.95,a,0.9970703125
2,23,0.95,b,0.0
3,23,0.95,s,0.9970703125
3,23,0.95,a,1.0
3,23,0.95,b,0.0
4,23,0.95,s,1.0
4,23,0.95,a,1.0
4,23,0.95,b,0.0
5,23,0.95,s,1.0
5,23,0.95,a,1.0
5,23,0.95,b,0.0
6,23,0.95,s,1.0
6,23,0.95,a,1.0
6,23,0.95,b,0.0
7,23,0.95,s,1.0
7,23,0.95,a,1.0
7,23,0.95,b,0.0
8,23,0.95,s,1.0
8,23,0.95,a,1.0
8,23,0.95,b,0.0
9,23,0.95,s,1.0
9,23,0.95,a,1.0
9,23,0.95,b,0.0
10,23,0.95,s,1.0
10,23,0.95,a,1.0
10,23,0.95,b,0.0
11,23,0.95,s,1.0
11,23,0.95,a,1.0
11,23,0.95,b,0.0
12,23,0.95,s,1.0
12,23,0.95,a,1.0
12,23,0.95,b,0.0
13,23,0.95,s,1.0
13,23,0.95,a,1.0
13,23,0.95,b,0.0
14,23,0.95,s,1.0
14,23,0.95,a,1.0
14,23,0.95,b,0.0
15,23,0.95,s,1.0
15,23,0.95,a,1.0
15,23,0.95,b,0.0
16,23,0.95,s,1.0
16,23,0.95,a,1.0
16,23,0.95,b,0.0
17,23,0.95,s,1.0
17,23,0.95,a,1.0
17,23,0.95,b,0.0
18,23,0.95,s,1.0
18,23,0.95,a,1.0
18,23,0.95,b,0.0
19,23,0.95,s,1.0
19,23,0.95,a,1.0
19,23,0.95,b,0.0
20,23,0.95,s,1.0
20,23,0.95,a,1.0
20,23,0.95,b,0.0
1,24,0.95,s,1.0
1,24,0.95,a,0.955078125
1,24,0.95,b,0.044921875
2,24,0.95,s,0.9521484375
2,24,0.95,a,0.99609375
2,24,0.95,b,0.0
3,24,0.95,s,0.99609375
3,24,0.95,a,1.0
3,24,0.95,b,0.0
4,24,0.95,s,1.0
4,24,0.95,a,1.0
4,24,0.95,b,0.0
5,24,0.95,s,1.0
5,24,0.95,a,1.0
5,24,0.95,b,0.0
6,24,0.95,s,1.0
6,24,0.95,a,1.0
6,24,0.95,b,0.0
7,24,0.95,s,1.0
7,24,0.95,a,1.0
7,24,0.95,b,0.0
8,24,0.95,s,1.0
8,24,0.95,a,1.0
8,24,0.95,b,0.0
9,24,0.95,s,1.0
9,24,0.95,a,1.0
9,24,0.95,b,0.0
10,24,0.95,s,1.0
10,24,0.95,a,1.0
10,24,0.95,b,0.0
11,24,0.95,s,1.0
11,24,0.95,a,1.0
11,24,0.95,b,0.0
12,24,0.95,s,1.0
12,24,0.95,a,1.0
12,24,0.95,b,0.0
13,24,0.95,s,1.0
13,24,0.95,a,1.0
13,24,0.95,b,0.0
14,24,0.95,s,1.0
14,24,0.95,a,1.0
14,24,0.95,b,0.0
15,24,0.95,s,1.0
15,24,0.95,a,1.0
15,24,0.95,b,0.0
16,24,0.95,s,1.0
16,24,0.95,a,1.0
16,24,0.95,b,0.0
17,24,0.95,s,1.0
17,24,0.95,a,1.0
17,24,0.95,b,0.0
18,24,0.95,s,1.0
18,24,0.95,a,1.0
18,24,0.95,b,0.0
19,24,0.95,s,1.0
19,24,0.95,a,1.0
19,24,0.95,b,0.0
20,24,0.95,s,1.0
20,24,0.95,a,1.0
20,24,0.95,b,0.0
1,25,0.95,s,1.0
1,25,0.95,a,0.9375
1,25,0.95,b,0.0625
2,25,0.95,s,0.9375
2,25,0.95,a,0.998046875
2,25,0.95,b,0.0
3,25,0.95,s,0.99609375
3,25,0.95,a,0.998046875
3,25,0.95,b,0.0
4,25,0.95,s,0.998046875
4,25,0.95,a,1.0
4,25,0.95,b,0.0
5,25,0.95,s,0.9990234375
5,25,0.95,a,0.9990234375
5,25,0.95,b,0.0
6,25,0.95,s,0.9990234375
6,25,0.95,a,1.0
6,25,0.95,b,0.0
7,25,0.95,s,1.0
7,25,0.95,a,1.0
7,25,0.95,b,0.0
8,25,0.95,s,1.0
8,25,0.95,a,1.0
8,25,0.95,b,0.0
9,25,0.95,s,1.0
9,25,0.95,a,1.0
9,25,0.95,b,0.0
10,25,0.95,s,1.0
10,25,0.95,a,1.0
10,25,0.95,b,0.0
11,25,0.95,s,1.0
11,25,0.95,a,1.0
11,25,0.95,b,0.0
12,25,0.95,s,1.0
12,25,0.95,a,1.0
12,25,0.95,b,0.0
13,25,0.95,s,0.48046875
13,25,0.95,a,0.48046875
13,25,0.95,b,0.0
14,25,0.95,s,0.8310546875
14,25,0.95,a,0.4638671875
14,25,0.95,b,0.0
15,25,0.95,s,0.919921875
15,25,0.95,a,0.4716796875
15,25,0.95,b,0.0
16,25,0.95,s,0.955078125
16,25,0.95,a,0.4775390625
16,25,0.95,b,0.0
17,25,0.95,s,0.962890625
17,25,0.95,a,0.49609375
17,25,0.95,b,0.0
18,25,0.95,s,0.984375
18,25,0.95,a,0.5
18,25,0.95,b,0.0
19,25,0.95,s,0.9970703125
19,25,0.95,a,0.4990234375
19,25,0.95,b,0.0
20,25,0.95,s,0.9970703125
20,25,0.95,a,0.5
20,25,0.95,b,0.0
1,26,0.95,s,1.0
1,26,0.95,a,0.9560546875
1,26,0.95,b,0.0439453125
2,26,0.95,s,0.9521484375
2,26,0.95,a,0.9951171875
2,26,0.95,b,0.0
3,26,0.95,s,0.9951171875
3,26,0.95,a,1.0
3,26,0.95,b,0.0
4,26,0.95,s,1.0
4,26,0.95,a,1.0
4,26,0.95,b,0.0
5,26,0.95,s,1.0
5,26,0.95,a,1.0
5,26,0.95,b,0.0
6,26,0.95,s,1.0
6,26,0.95,a,1.0
6,26,0.95,b,0.0
7,26,0.95,s,1.0
7,26,0.95,a,1.0
7,26,0.95,b,0.0
8,26,0.95,s,1.0
8,26,0.95,a,1.0
8,26,0.95,b,0.0
9,26,0.95,s,1.0
9,26,0.95,a,1.0
9,26,0.95,b,0.0
10,26,0.95,s,1.0
10,26,0.95,a,1.0
10,26,0.95,b,0.0
11,26,0.95,s,1.0
11,26,0.95,a,1.0
11,26,0.95,b,0.0
12,26,0.95,s,1.0
12,26,0.95,a,1.0
12,26,0.95,b,0.0
13,26,0.95,s,1.0
13,26,0.95,a,1.0
13,26,0.95,b,0.0
14,26,0.95,s,1.0
14,26,0.95,a,1.0
14,26,0.95,b,0.0
15,26,0.95,s,1.0
15,26,0.95,a,1.0
15,26,0.95,b,0.0
16,26,0.95,s,1.0
16,26,0.95,a,1.0
16,26,0.95,b,0.0
17,26,0.95,s,1.0
17,26,0.95,a,1.0
17,26,0.95,b,0.0
18,26,0.95,s,1.0
18,26,0.95,a,1.0
18,26,0.95,b,0.0
19,26,0.95,s,0.9990234375
19,26,0.95,a,0.9990234375
19,26,0.95,b,0.0
20,26,0.95,s,0.9990234375
20,26,0.95,a,1.0
20,26,0.95,b,0.0
1,27,0.95,s,1.0
1,27,0.95,a,0.9609375
1,27,0.95,b,0.0390625
2,27,0.95,s,0.9599609375
2,27,0.95,a,0.9990234375
2,27,0.95,b,0.0
3,27,0.95,s,0.9990234375
3,27,0.95,a,1.0
3,27,0.95,b,0.0
4,27,0.95,s,1.0
4,27,0.95,a,1.0
4,27,0.95,b,0.0
5,27,0.95,s,1.0
5,27,0.95,a,1.0
5,27,0.95,b,0.0
6,27,0.95,s,1.0
6,27,0.95,a,1.0
6,27,0.95,b,0.0
7,27,0.95,s,1.0
7,27,0.95,a,1.0
7,27,0.95,b,0.0
8,27,0.95,s,1.0
8,27,0.95,a,1.0
8,27,0.95,b,0.0
9,27,0.95,s,1.0
9,27,0.95,a,1.0
9,27,0.95,b,0.0
10,27,0.95,s,1.0
10,27,0.95,a,1.0
10,27,0.95,b,0.0
11,27,0.95,s,1.0
11,27,0.95,a,1.0
11,27,0.95,b,0.0
12,27,0.95,s,1.0
12,27,0.95,a,1.0
12,27,0.95,b,0.0
13,27,0.95,s,1.0
13,27,0.95,a,1.0
13,27,0.95,b,0.0
14,27,0.95,s,1.0
14,27,0.95,a,1.0
14,27,0.95,b,0.0
15,27,0.95,s,1.0
15,27,0.95,a,1.0
15,27,0.95,b,0.0
16,27,0.95,s,1.0
16,27,0.95,a,1.0
16,27,0.95,b,0.0
17,27,0.95,s,1.0
17,27,0.95,a,1.0
17,27,0.95,b,0.0
18,27,0.95,s,1.0
18,27,0.95,a,1.0
18,27,0.95,b,0.0
19,27,0.95,s,1.0
19,27,0.95,a,1.0
19,27,0.95,b,0.0
20,27,0.95,s,1.0
20,27,0.95,a,1.0
20,27,0.95,b,0.0
1,28,0.95,s,1.0
1,28,0.95,a,0.9560546875
1,28,0.95,b,0.0439453125
2,28,0.95,s,0.9384765625
2,28,0.95,a,0.98046875
2,28,0.95,b,0.0
3,28,0.95,s,0.98046875
3,28,0.95,a,1.0
3,28,0.95,b,0.0
4,28,0.95,s,1.0
4,28,0.95,a,1.0
4,28,0.95,b,0.0
5,28,0.95,s,1.0
5,28,0.95,a,1.0
5,28,0.95,b,0.0
6,28,0.95,s,1.0
6,28,0.95,a,1.0
6,28,0.95,b,0.0
7,28,0.95,s,1.0
7,28,0.95,a,1.0
7,28,0.95,b,0.0
8,28,0.95,s,1.0
8,28,0.95,a,1.0
8,28,0.95,b,0.0
9,28,0.95,s,1.0
9,28,0.95,a,1.0
9,28,0.95,b,0.0
10,28,0.95,s,1.0
10,28,0.95,a,1.0
10,28,0.95,b,0.0
11,28,0.95,s,1.0
11,28,0.95,a,1.0
11,28,0.95,b,0.0
12,28,0.95,s,1.0
12,28,0.95,a,1.0
12,28,0.95,b,0.0
13,28,0.95,s,1.0
13,28,0.95,a,1.0
13,28,0.95,b,0.0
14,28,0.95,s,0.9990234375
14,28,0.95,a,0.9990234375
14,28,0.95,b,0.0
15,28,0.95,s,0.9990234375
15,28,0.95,a,1.0
15,28,0.95,b,0.0
16,28,0.95,s,1.0
16,28,0.95,a,1.0
16,28,0.95,b,0.0
17,28,0.95,s,1.0
17,28,0.95,a,1.0
17,28,0.95,b,0.0
18,28,0.95,s,1.0
18,28,0.95,a,1.0
18,28,0.95,b,0.0
19,28,0.95,s,1.0
19,28,0.95,a,1.0
19,28,0.95,b,0.0
20,28,0.95,s,1.0
20,28,0.95,a,1.0
20,28,0.95,b,0.0
1,29,0.95,s,1.0
1,29,0.95,a,0.9560546875
1,29,0.95,b,0.0439453125
2,29,0.95,s,0.9560546875
2,29,0.95,a,1.0
2,29,0.95,b,0.0
3,29,0.95,s,1.0
3,29,0.95,a,1.0
3,29,0.95,b,0.0
4,29,0.95,s,1.0
4,29,0.95,a,1.0
4,29,0.95,b,0.0
5,29,0.95,s,1.0
5,29,0.95,a,1.0
5,29,0.95,b,0.0
6,29,0.95,s,1.0
6,29,0.95,a,1.0
6,29,0.95,b,0.0
7,29,0.95,s,1.0
7,29,0.95,a,1.0
7,29,0.95,b,0.0
8,29,0.95,s,1.0
8,29,0.95,a,1.0
8,29,0.95,b,0.0
9,29,0.95,s,1.0
9,29,0.95,a,1.0
9,29,0.95,b,0.0
10,29,0.95,s,0.9990234375
10,29,0.95,a,0.9990234375
10,29,0.95,b,0.0
11,29,0.95,s,0.9990234375
11,29,0.95,a,1.0
11,29,0.95,b,0.0
12,29,0.95,s,0.9990234375
12,29,0.95,a,0.9990234375
12,29,0.95,b,0.0
13,29,0.95,s,0.9990234375
13,29,0.95,a,1.0
13,29,0.95,b,0.0
14,29,0.95,s,1.0
14,29,0.95,a,1.0
14,29,0.95,b,0.0
15,29,0.95,s,1.0
15,29,0.95,a,1.0
15,29,0.95,b,0.0
16,29,0.95,s,1.0
16,29,0.95,a,1.0
16,29,0.95,b,0.0
17,29,0.95,s,1.0
17,29,0.95,a,1.0
17,29,0.95,b,0.0
18,29,0.95,s,1.0
18,29,0.95,a,1.0
18,29,0.95,b,0.0
19,29,0.95,s,0.9990234375
19,29,0.95,a,0.9990234375
19,29,0.95,b,0.0
20,29,0.95,s,0.9990234375
20,29,0.95,a,1.0
20,29,0.95,b,0.0
1,30,0.95,s,1.0
1,30,0.95,a,0.9580078125
1,30,0.95,b,0.0419921875
2,30,0.95,s,0.935546875
2,30,0.95,a,0.9736328125
2,30,0.95,b,0.0
3,30,0.95,s,0.96875
3,30,0.95,a,0.9892578125
3,30,0.95,b,0.0
4,30,0.95,s,0.9892578125
4,30,0.95,a,1.0
4,30,0.95,b,0.0
5,30,0.95,s,1.0
5,30,0.95,a,1.0
5,30,0.95,b,0.0
6,30,0.95,s,1.0
6,30,0.95,a,1.0
6,30,0.95,b,0.0
7,30,0.95,s,1.0
7,30,0.95,a,1.0
7,30,0.95,b,0.0
8,30,0.95,s,1.0
8,30,0.95,a,1.0
8,30,0.95,b,0.0
9,30,0.95,s,1.0
9,30,0.95,a,1.0
9,30,0.95,b,0.0
10,30,0.95,s,1.0
10,30,0.95,a,1.0
10,30,0.95,b,0.0
11,30,0.95,s,1.0
11,30,0.95,a,1.0
11,30,0.95,b,0.0
12,30,0.95,s,1.0
12,30,0.95,a,1.0
12,30,0.95,b,0.0
13,30,0.95,s,1.0
13,30,0.95,a,1.0
13,30,0.95,b,0.0
14,30,0.95,s,0.9990234375
14,30,0.95,a,0.9990234375
14,30,0.95,b,0.0
15,30,0.95,s,0.9990234375
15,30,0.95,a,1.0
15,30,0.95,b,0.0
16,30,0.95,s,1.0
16,30,0.95,a,1.0
16,30,0.95,b,0.0
17,30,0.95,s,1.0
17,30,0.95,a,1.0
17,30,0.95,b,0.0
18,30,0.95,s,1.0
18,30,0.95,a,1.0
18,30,0.95,b,0.0
19,30,0.95,s,1.0
19,30,0.95,a,1.0
19,30,0.95,b,0.0
20,30,0.95,s,1.0
20,30,0.95,a,1.0
20,30,0.95,b,0.0
1,31,0.95,s,1.0
1,31,0.95,a,0.939453125
1,31,0.95,b,0.060546875
2,31,0.95,s,0.939453125
2,31,0.95,a,0.9990234375
2,31,0.95,b,0.0
3,31,0.95,s,0.9990234375
3,31,0.95,a,1.0
3,31,0.95,b,0.0
4,31,0.95,s,1.0
4,31,0.95,a,1.0
4,31,0.95,b,0.0
5,31,0.95,s,1.0
5,31,0.95,a,1.0
5,31,0.95,b,0.0
6,31,0.95,s,1.0
6,31,0.95,a,1.0
6,31,0.95,b,0.0
7,31,0.95,s,1.0
7,31,0.95,a,1.0
7,31,0.95,b,0.0
8,31,0.95,s,1.0
8,31,0.95,a,1.0
8,31,0.95,b,0.0
9,31,0.95,s,1.0
9,31,0.95,a,1.0
9,31,0.95,b,0.0
10,31,0.95,s,1.0
10,31,0.95,a,1.0
10,31,0.95,b,0.0
11,31,0.95,s,1.0
11,31,0.95,a,1.0
11,31,0.95,b,0.0
12,31,0.95,s,1.0
12,31,0.95,a,1.0
12,31,0.95,b,0.0
13,31,0.95,s,1.0
13,31,0.95,a,1.0
13,31,0.95,b,0.0
14,31,0.95,s,1.0
14,31,0.95,a,1.0
14,31,0.95,b,0.0
15,31,0.95,s,1.0
15,31,0.95,a,1.0
15,31,0.95,b,0.0
16,31,0.95,s,1.0
16,31,0.95,a,1.0
16,31,0.95,b,0.0
17,31,0.95,s,1.0
17,31,0.95,a,1.0
17,31,0.95,b,0.0
18,31,0.95,s,1.0
18,31,0.95,a,1.0
18,31,0.95,b,0.0
19,31,0.95,s,1.0
19,31,0.95,a,1.0
19,31,0.95,b,0.0
20,31,0.95,s,1.0
20,31,0.95,a,1.0
20,31,0.95,b,0.0
1,32,0.95,s,1.0
1,32,0.95,a,0.943359375
1,32,0.95,b,0.056640625
2,32,0.95,s,0.9384765625
2,32,0.95,a,0.9931640625
2,32,0.95,b,0.0
3,32,0.95,s,0.9931640625
3,32,0.95,a,1.0
3,32,0.95,b,0.0
4,32,0.95,s,1.0
4,32,0.95,a,1.0
4,32,0.95,b,0.0
5,32,0.95,s,1.0
5,32,0.95,a,1.0
5,32,0.95,b,0.0
6,32,0.95,s,1.0
6,32,0.95,a,1.0
6,32,0.95,b,0.0
7,32,0.95,s,1.0
7,32,0.95,a,1.0
7,32,0.95,b,0.0
8,32,0.95,s,1.0
8,32,0.95,a,1.0
8,32,0.95,b,0.0
9,32,0.95,s,1.0
9,32,0.95,a,1.0
9,32,0.95,b,0.0
10,32,0.95,s,1.0
10,32,0.95,a,1.0
10,32,0.95,b,0.0
11,32,0.95,s,1.0
11,32,0.95,a,1.0
11,32,0.95,b,0.0
12,32,0.95,s,1.0
12,32,0.95,a,1.0
12,32,0.95,b,0.0
13,32,0.95,s,1.0
13,32,0.95,a,1.0
13,32,0.95,b,0.0
14,32,0.95,s,1.0
14,32,0.95,a,1.0
14,32,0.95,b,0.0
15,32,0.95,s,1.0
15,32,0.95,a,1.0
15,32,0.95,b,0.0
16,32,0.95,s,1.0
16,32,0.95,a,1.0
16,32,0.95,b,0.0
17,32,0.95,s,1.0
17,32,0.95,a,1.0
17,32,0.95,b,0.0
18,32,0.95,s,1.0
18,32,0.95,a,1.0
18,32,0.95,b,0.0
19,32,0.95,s,1.0
19,32,0.95,a,1.0
19,32,0.95,b,0.0
20,32,0.95,s,1.0
20,32,0.95,a,1.0
20,32,0.95,b,0.0
1,33,0.95,s,1.0
1,33,0.95,a,0.9462890625
1,33,0.95,b,0.0537109375
2,33,0.95,s,0.94140625
2,33,0.95,a,0.9931640625
2,33,0.95,b,0.0
3,33,0.95,s,0.9931640625
3,33,0.95,a,1.0
3,33,0.95,b,0.0
4,33,0.95,s,1.0
4,33,0.95,a,1.0
4,33,0.95,b,0.0
5,33,0.95,s,1.0
5,33,0.95,a,1.0
5,33,0.95,b,0.0
6,33,0.95,s,1.0
6,33,0.95,a,1.0
6,33,0.95,b,0.0
7,33,0.95,s,1.0
7,33,0.95,a,1.0
7,33,0.95,b,0.0
8,33,0.95,s,1.0
8,33,0.95,a,1.0
8,33,0.95,b,0.0
9,33,0.95,s,1.0
9,33,0.95,a,1.0
9,33,0.95,b,0.0
10,33,0.95,s,1.0
10,33,0.95,a,1.0
10,33,0.95,b,0.0
11,33,0.95,s,1.0
11,33,0.95,a,1.0
11,33,0.95,b,0.0
12,33,0.95,s,1.0
12,33,0.95,a,1.0
12,33,0.95,b,0.0
13,33,0.95,s,1.0
13,33,0.95,a,1.0
13,33,0.95,b,0.0
14,33,0.95,s,1.0
14,33,0.95,a,1.0
14,33,0.95,b,0.0
15,33,0.95,s,1.0
15,33,0.95,a,1.0
15,33,0.95,b,0.0
16,33,0.95,s,1.0
16,33,0.95,a,1.0
16,33,0.95,b,0.0
17,33,0.95,s,1.0
17,33,0.95,a,1.0
17,33,0.95,b,0.0
18,33,0.95,s,1.0
18,33,0.95,a,1.0
18,33,0.95,b,0.0
19,33,0.95,s,1.0
19,33,0.95,a,1.0
19,33,0.95,b,0.0
20,33,0.95,s,1.0
20,33,0.95,a,1.0
20,33,0.95,b,0.0
1,34,0.95,s,1.0
1,34,0.95,a,0.9443359375
1,34,0.95,b,0.0556640625
2,34,0.95,s,0.9384765625
2,34,0.95,a,0.9931640625
2,34,0.95,b,0.0
3,34,0.95,s,0.9931640625
3,34,0.95,a,1.0
3,34,0.95,b,0.0
4,34,0.95,s,1.0
4,34,0.95,a,1.0
4,34,0.95,b,0.0
5,34,0.95,s,1.0
5,34,0.95,a,1.0
5,34,0.95,b,0.0
6,34,0.95,s,1.0
6,34,0.95,a,1.0
6,34,0.95,b,0.0
7,34,0.95,s,1.0
7,34,0.95,a,1.0
7,34,0.95,b,0.0
8,34,0.95,s,1.0
8,34,0.95,a,1.0
8,34,0.95,b,0.0
9,34,0.95,s,1.0
9,34,0.95,a,1.0
9,34,0.95,b,0.0
10,34,0.95,s,1.0
10,34,0.95,a,1.0
10,34,0.95,b,0.0
11,34,0.95,s,1.0
11,34,0.95,a,1.0
11,34,0.95,b,0.0
12,34,0.95,s,1.0
12,34,0.95,a,1.0
12,34,0.95,b,0.0
13,34,0.95,s,1.0
13,34,0.95,a,1.0
13,34,0.95,b,0.0
14,34,0.95,s,1.0
14,34,0.95,a,1.0
14,34,0.95,b,0.0
15,34,0.95,s,1.0
15,34,0.95,a,1.0
15,34,0.95,b,0.0
16,34,0.95,s,1.0
16,34,0.95,a,1.0
16,34,0.95,b,0.0
17,34,0.95,s,1.0
17,34,0.95,a,1.0
17,34,0.95,b,0.0
18,34,0.95,s,0.9970703125
18,34,0.95,a,0.9970703125
18,34,0.95,b,0.0
19,34,0.95,s,0.9970703125
19,34,0.95,a,1.0
19,34,0.95,b,0.0
20,34,0.95,s,1.0
20,34,0.95,a,1.0
20,34,0.95,b,0.0
1,35,0.95,s,1.0
1,35,0.95,a,0.9462890625
1,35,0.95,b,0.0537109375
2,35,0.95,s,0.9375
2,35,0.95,a,0.9892578125
2,35,0.95,b,0.0
3,35,0.95,s,0.9892578125
3,35,0.95,a,1.0
3,35,0.95,b,0.0
4,35,0.95,s,1.0
4,35,0.95,a,1.0
4,35,0.95,b,0.0
5,35,0.95,s,1.0
5,35,0.95,a,1.0
5,35,0.95,b,0.0
6,35,0.95,s,1.0
6,35,0.95,a,1.0
6,35,0.95,b,0.0
7,35,0.95,s,1.0
7,35,0.95,a,1.0
7,35,0.95,b,0.0
8,35,0.95,s,1.0
8,35,0.95,a,1.0
8,35,0.95,b,0.0
9,35,0.95,s,1.0
9,35,0.95,a,1.0
9,35,0.95,b,0.0
10,35,0.95,s,1.0
10,35,0.95,a,1.0
10,35,0.95,b,0.0
11,35,0.95,s,1.0
11,35,0.95,a,1.0
11,35,0.95,b,0.0
12,35,0.95,s,1.0
12,35,0.95,a,1.0
12,35,0.95,b,0.0
13,35,0.95,s,1.0
13,35,0.95,a,1.0
13,35,0.95,b,0.0
14,35,0.95,s,1.0
14,35,0.95,a,1.0
14,35,0.95,b,0.0
15,35,0.95,s,1.0
15,35,0.95,a,1.0
15,35,0.95,b,0.0
16,35,0.95,s,1.0
16,35,0.95,a,1.0
16,35,0.95,b,0.0
17,35,0.95,s,1.0
17,35,0.95,a,1.0
17,35,0.95,b,0.0
18,35,0.95,s,1.0
18,35,0.95,a,1.0
18,35,0.95,b,0.0
19,35,0.95,s,1.0
19,35,0.95,a,1.0
19,35,0.95,b,0.0
20,35,0.95,s,1.0
20,35,0.95,a,1.0
20,35,0.95,b,0.0
1,36,0.95,s,1.0
1,36,0.95,a,0.9384765625
1,36,0.95,b,0.0615234375
2,36,0.95,s,0.900390625
2,36,0.95,a,0.9560546875
2,36,0.95,b,0.0
3,36,0.95,s,0.9560546875
3,36,0.95,a,0.998046875
3,36,0.95,b,0.0
4,36,0.95,s,0.998046875
4,36,0.95,a,1.0
4,36,0.95,b,0.0
5,36,0.95,s,1.0
5,36,0.95,a,1.0
5,36,0.95,b,0.0
6,36,0.95,s,1.0
6,36,0.95,a,1.0
6,36,0.95,b,0.0
7,36,0.95,s,1.0
7,36,0.95,a,1.0
7,36,0.95,b,0.0
8,36,0.95,s,1.0
8,36,0.95,a,1.0
8,36,0.95,b,0.0
9,36,0.95,s,1.0
9,36,0.95,a,1.0
9,36,0.95,b,0.0
10,36,0.95,s,1.0
10,36,0.95,a,1.0
10,36,0.95,b,0.0
11,36,0.95,s,1.0
11,36,0.95,a,1.0
11,36,0.95,b,0.0
12,36,0.95,s,1.0
12,36,0.95,a,1.0
12,36,0.95,b,0.0
13,36,0.95,s,1.0
13,36,0.95,a,1.0
13,36,0.95,b,0.0
14,36,0.95,s,1.0
14,36,0.95,a,1.0
14,36,0.95,b,0.0
15,36,0.95,s,1.0
15,36,0.95,a,1.0
15,36,0.95,b,0.0
16,36,0.95,s,1.0
16,36,0.95,a,1.0
16,36,0.95,b,0.0
17,36,0.95,s,1.0
17,36,0.95,a,1.0
17,36,0.95,b,0.0
18,36,0.95,s,1.0
18,36,0.95,a,1.0
18,36,0.95,b,0.0
19,36,0.95,s,1.0
19,36,0.95,a,1.0
19,36,0.95,b,0.0
20,36,0.95,s,1.0
20,36,0.95,a,1.0
20,36,0.95,b,0.0
1,37,0.95,s,1.0
1,37,0.95,a,0.9560546875
1,37,0.95,b,0.0439453125
2,37,0.95,s,0.947265625
2,37,0.95,a,0.990234375
2,37,0.95,b,0.0
3,37,0.95,s,0.990234375
3,37,0.95,a,1.0
3,37,0.95,b,0.0
4,37,0.95,s,1.0
4,37,0.95,a,1.0
4,37,0.95,b,0.0
5,37,0.95,s,1.0
5,37,0.95,a,1.0
5,37,0.95,b,0.0
6,37,0.95,s,1.0
6,37,0.95,a,1.0
6,37,0.95,b,0.0
7,37,0.95,s,1.0
7,37,0.95,a,1.0
7,37,0.95,b,0.0
8,37,0.95,s,1.0
8,37,0.95,a,1.0
8,37,0.95,b,0.0
9,37,0.95,s,1.0
9,37,0.95,a,1.0
9,37,0.95,b,0.0
10,37,0.95,s,1.0
10,37,0.95,a,1.0
10,37,0.95,b,0.0
11,37,0.95,s,1.0
11,37,0.95,a,1.0
11,37,0.95,b,0.0
12,37,0.95,s,1.0
12,37,0.95,a,1.0
12,37,0.95,b,0.0
13,37,0.95,s,1.0
13,37,0.95,a,1.0
13,37,0.95,b,0.0
14,37,0.95,s,1.0
14,37,0.95,a,1.0
14,37,0.95,b,0.0
15,37,0.95,s,1.0
15,37,0.95,a,1.0
15,37,0.95,b,0.0
16,37,0.95,s,1.0
16,37,0.95,a,1.0
16,37,0.95,b,0.0
17,37,0.95,s,1.0
17,37,0.95,a,1.0
17,37,0.95,b,0.0
18,37,0.95,s,1.0
18,37,0.95,a,1.0
18,37,0.95,b,0.0
19,37,0.95,s,1.0
19,37,0.95,a,1.0
19,37,0.95,b,0.0
20,37,0.95,s,1.0
20,37,0.95,a,1.0
20,37,0.95,b,0.0
1,38,0.95,s,1.0
1,38,0.95,a,0.95703125
1,38,0.95,b,0.04296875
2,38,0.95,s,0.955078125
2,38,0.95,a,0.9970703125
2,38,0.95,b,0.0
3,38,0.95,s,0.9970703125
3,38,0.95,a,1.0
3,38,0.95,b,0.0
4,38,0.95,s,1.0
4,38,0.95,a,1.0
4,38,0.95,b,0.0
5,38,0.95,s,1.0
5,38,0.95,a,1.0
5,38,0.95,b,0.0
6,38,0.95,s,1.0
6,38,0.95,a,1.0
6,38,0.95,b,0.0
7,38,0.95,s,1.0
7,38,0.95,a,1.0
7,38,0.95,b,0.0
8,38,0.95,s,1.0
8,38,0.95,a,1.0
8,38,0.95,b,0.0
9,38,0.95,s,1.0
9,38,0.95,a,1.0
9,38,0.95,b,0.0
10,38,0.95,s,1.0
10,38,0.95,a,1.0
10,38,0.95,b,0.0
11,38,0.95,s,1.0
11,38,0.95,a,1.0
11,38,0.95,b,0.0
12,38,0.95,s,1.0
12,38,0.95,a,1.0
12,38,0.95,b,0.0
13,38,0.95,s,1.0
13,38,0.95,a,1.0
13,38,0.95,b,0.0
14,38,0.95,s,1.0
14,38,0.95,a,1.0
14,38,0.95,b,0.0
15,38,0.95,s,1.0
15,38,0.95,a,1.0
15,38,0.95,b,0.0
16,38,0.95,s,1.0
16,38,0.95,a,1.0
16,38,0.95,b,0.0
17,38,0.95,s,1.0
17,38,0.95,a,1.0
17,38,0.95,b,0.0
18,38,0.95,s,1.0
18,38,0.95,a,1.0
18,38,0.95,b,0.0
19,38,0.95,s,1.0
19,38,0.95,a,1.0
19,38,0.95,b,0.0
20,38,0.95,s,1.0
20,38,0.95,a,1.0
20,38,0.95,b,0.0
1,39,0.95,s,1.0
1,39,0.95,a,0.947265625
1,39,0.95,b,0.052734375
2,39,0.95,s,0.9423828125
2,39,0.95,a,0.9931640625
2,39,0.95,b,0.0
3,39,0.95,s,0.9931640625
3,39,0.95,a,1.0
3,39,0.95,b,0.0
4,39,0.95,s,1.0
4,39,0.95,a,1.0
4,39,0.95,b,0.0
5,39,0.95,s,1.0
5,39,0.95,a,1.0
5,39,0.95,b,0.0
6,39,0.95,s,1.0
6,39,0.95,a,1.0
6,39,0.95,b,0.0
7,39,0.95,s,1.0
7,39,0.95,a,1.0
7,39,0.95,b,0.0
8,39,0.95,s,1.0
8,39,0.95,a,1.0
8,39,0.95,b,0.0
9,39,0.95,s,1.0
9,39,0.95,a,1.0
9,39,0.95,b,0.0
10,39,0.95,s,1.0
10,39,0.95,a,1.0
10,39,0.95,b,0.0
11,39,0.95,s,1.0
11,39,0.95,a,1.0
11,39,0.95,b,0.0
12,39,0.95,s,1.0
12,39,0.95,a,1.0
12,39,0.95,b,0.0
13,39,0.95,s,1.0
13,39,0.95,a,1.0
13,39,0.95,b,0.0
14,39,0.95,s,1.0
14,39,0.95,a,1.0
14,39,0.95,b,0.0
15,39,0.95,s,1.0
15,39,0.95,a,1.0
15,39,0.95,b,0.0
16,39,0.95,s,1.0
16,39,0.95,a,1.0
16,39,0.95,b,0.0
17,39,0.95,s,1.0
17,39,0.95,a,1.0
17,39,0.95,b,0.0
18,39,0.95,s,1.0
18,39,0.95,a,1.0
18,39,0.95,b,0.0
19,39,0.95,s,1.0
19,39,0.95,a,1.0
19,39,0.95,b,0.0
20,39,0.95,s,1.0
20,39,0.95,a,1.0
20,39,0.95,b,0.0
1,40,0.95,s,1.0
1,40,0.95,a,0.953125
1,40,0.95,b,0.046875
2,40,0.95,s,0.953125
2,40,0.95,a,1.0
2,40,0.95,b,0.0
3,40,0.95,s,1.0
3,40,0.95,a,1.0
3,40,0.95,b,0.0
4,40,0.95,s,1.0
4,40,0.95,a,1.0
4,40,0.95,b,0.0
5,40,0.95,s,1.0
5,40,0.95,a,1.0
5,40,0.95,b,0.0
6,40,0.95,s,1.0
6,40,0.95,a,1.0
6,40,0.95,b,0.0
7,40,0.95,s,1.0
7,40,0.95,a,1.0
7,40,0.95,b,0.0
8,40,0.95,s,1.0
8,40,0.95,a,1.0
8,40,0.95,b,0.0
9,40,0.95,s,1.0
9,40,0.95,a,1.0
9,40,0.95,b,0.0
10,40,0.95,s,1.0
10,40,0.95,a,1.0
10,40,0.95,b,0.0
11,40,0.95,s,1.0
11,40,0.95,a,1.0
11,40,0.95,b,0.0
12,40,0.95,s,1.0
12,40,0.95,a,1.0
12,40,0.95,b,0.0
13,40,0.95,s,1.0
13,40,0.95,a,1.0
13,40,0.95,b,0.0
14,40,0.95,s,1.0
14,40,0.95,a,1.0
14,40,0.95,b,0.0
15,40,0.95,s,1.0
15,40,0.95,a,1.0
15,40,0.95,b,0.0
16,40,0.95,s,1.0
16,40,0.95,a,1.0
16,40,0.95,b,0.0
17,40,0.95,s,1.0
17,40,0.95,a,1.0
17,40,0.95,b,0.0
18,40,0.95,s,1.0
18,40,0.95,a,1.0
18,40,0.95,b,0.0
19,40,0.95,s,1.0
19,40,0.95,a,1.0
19,40,0.95,b,0.0
20,40,0.95,s,1.0
20,40,0.95,a,1.0
20,40,0.95,b,0.0
1,41,0.95,s,1.0
1,41,0.95,a,0.955078125
1,41,0.95,b,0.044921875
2,41,0.95,s,0.955078125
2,41,0.95,a,1.0
2,41,0.95,b,0.0
3,41,0.95,s,1.0
3,41,0.95,a,1.0
3,41,0.95,b,0.0
4,41,0.95,s,1.0
4,41,0.95,a,1.0
4,41,0.95,b,0.0
5,41,0.95,s,1.0
5,41,0.95,a,1.0
5,41,0.95,b,0.0
6,41,0.95,s,1.0
6,41,0.95,a,1.0
6,41,0.95,b,0.0
7,41,0.95,s,1.0
7,41,0.95,a,1.0
7,41,0.95,b,0.0
8,41,0.95,s,1.0
8,41,0.95,a,1.0
8,41,0.95,b,0.0
9,41,0.95,s,1.0
9,41,0.95,a,1.0
9,41,0.95,b,0.0
10,41,0.95,s,1.0
10,41,0.95,a,1.0
10,41,0.95,b,0.0
11,41,0.95,s,1.0
11,41,0.95,a,1.0
11,41,0.95,b,0.0
12,41,0.95,s,1.0
12,41,0.95,a,1.0
12,41,0.95,b,0.0
13,41,0.95,s,1.0
13,41,0.95,a,1.0
13,41,0.95,b,0.0
14,41,0.95,s,1.0
14,41,0.95,a,1.0
14,41,0.95,b,0.0
15,41,0.95,s,0.9990234375
15,41,0.95,a,0.9990234375
15,41,0.95,b,0.0
16,41,0.95,s,0.9990234375
16,41,0.95,a,1.0
16,41,0.95,b,0.0
17,41,0.95,s,1.0
17,41,0.95,a,1.0
17,41,0.95,b,0.0
18,41,0.95,s,1.0
18,41,0.95,a,1.0
18,41,0.95,b,0.0
19,41,0.95,s,1.0
19,41,0.95,a,1.0
19,41,0.95,b,0.0
20,41,0.95,s,1.0
20,41,0.95,a,1.0
20,41,0.95,b,0.0
1,42,0.95,s,1.0
1,42,0.95,a,0.9453125
1,42,0.95,b,0.0546875
2,42,0.95,s,0.9384765625
2,42,0.95,a,0.9921875
2,42,0.95,b,0.0
3,42,0.95,s,0.9921875
3,42,0.95,a,1.0
3,42,0.95,b,0.0
4,42,0.95,s,1.0
4,42,0.95,a,1.0
4,42,0.95,b,0.0
5,42,0.95,s,1.0
5,42,0.95,a,1.0
5,42,0.95,b,0.0
6,42,0.95,s,1.0
6,42,0.95,a,1.0
6,42,0.95,b,0.0
7,42,0.95,s,1.0
7,42,0.95,a,1.0
7,42,0.95,b,0.0
8,42,0.95,s,1.0
8,42,0.95,a,1.0
8,42,0.95,b,0.0
9,42,0.95,s,1.0
9,42,0.95,a,1.0
9,42,0.95,b,0.0
10,42,0.95,s,1.0
10,42,0.95,a,1.0
10,42,0.95,b,0.0
11,42,0.95,s,1.0
11,42,0.95,a,1.0
11,42,0.95,b,0.0
12,42,0.95,s,1.0
12,42,0.95,a,1.0
12,42,0.95,b,0.0
13,42,0.95,s,1.0
13,42,0.95,a,1.0
13,42,0.95,b,0.0
14,42,0.95,s,1.0
14,42,0.95,a,1.0
14,42,0.95,b,0.0
15,42,0.95,s,1.0
15,42,0.95,a,1.0
15,42,0.95,b,0.0
16,42,0.95,s,1.0
16,42,0.95,a,1.0
16,42,0.95,b,0.0
17,42,0.95,s,1.0
17,42,0.95,a,1.0
17,42,0.95,b,0.0
18,42,0.95,s,1.0
18,42,0.95,a,1.0
18,42,0.95,b,0.0
19,42,0.95,s,1.0
19,42,0.95,a,1.0
19,42,0.95,b,0.0
20,42,0.95,s,1.0
20,42,0.95,a,1.0
20,42,0.95,b,0.0
1,43,0.95,s,1.0
1,43,0.95,a,0.943359375
1,43,0.95,b,0.056640625
2,43,0.95,s,0.939453125
2,43,0.95,a,0.9912109375
2,43,0.95,b,0.0
3,43,0.95,s,0.9912109375
3,43,0.95,a,1.0
3,43,0.95,b,0.0
4,43,0.95,s,1.0
4,43,0.95,a,1.0
4,43,0.95,b,0.0
5,43,0.95,s,1.0
5,43,0.95,a,1.0
5,43,0.95,b,0.0
6,43,0.95,s,1.0
6,43,0.95,a,1.0
6,43,0.95,b,0.0
7,43,0.95,s,1.0
7,43,0.95,a,1.0
7,43,0.95,b,0.0
8,43,0.95,s,1.0
8,43,0.95,a,1.0
8,43,0.95,b,0.0
9,43,0.95,s,1.0
9,43,0.95,a,1.0
9,43,0.95,b,0.0
10,43,0.95,s,1.0
10,43,0.95,a,1.0
10,43,0.95,b,0.0
11,43,0.95,s,1.0
11,43,0.95,a,1.0
11,43,0.95,b,0.0
12,43,0.95,s,1.0
12,43,0.95,a,1.0
12,43,0.95,b,0.0
13,43,0.95,s,1.0
13,43,0.95,a,1.0
13,43,0.95,b,0.0
14,43,0.95,s,0.998046875
14,43,0.95,a,0.998046875
14,43,0.95,b,0.0
15,43,0.95,s,0.998046875
15,43,0.95,a,1.0
15,43,0.95,b,0.0
16,43,0.95,s,1.0
16,43,0.95,a,1.0
16,43,0.95,b,0.0
17,43,0.95,s,1.0
17,43,0.95,a,1.0
17,43,0.95,b,0.0
18,43,0.95,s,1.0
18,43,0.95,a,1.0
18,43,0.95,b,0.0
19,43,0.95,s,1.0
19,43,0.95,a,1.0
19,43,0.95,b,0.0
20,43,0.95,s,1.0
20,43,0.95,a,1.0
20,43,0.95,b,0.0
1,44,0.95,s,1.0
1,44,0.95,a,0.9423828125
1,44,0.95,b,0.0576171875
2,44,0.95,s,0.93359375
2,44,0.95,a,0.9912109375
2,44,0.95,b,0.0
3,44,0.95,s,0.9912109375
3,44,0.95,a,1.0
3,44,0.95,b,0.0
4,44,0.95,s,1.0
4,44,0.95,a,1.0
4,44,0.95,b,0.0
5,44,0.95,s,1.0
5,44,0.95,a,1.0
5,44,0.95,b,0.0
6,44,0.95,s,1.0
6,44,0.95,a,1.0
6,44,0.95,b,0.0
7,44,0.95,s,1.0
7,44,0.95,a,1.0
7,44,0.95,b,0.0
8,44,0.95,s,1.0
8,44,0.95,a,1.0
8,44,0.95,b,0.0
9,44,0.95,s,1.0
9,44,0.95,a,1.0
9,44,0.95,b,0.0
10,44,0.95,s,1.0
10,44,0.95,a,1.0
10,44,0.95,b,0.0
11,44,0.95,s,1.0
11,44,0.95,a,1.0
11,44,0.95,b,0.0
12,44,0.95,s,0.998046875
12,44,0.95,a,0.998046875
12,44,0.95,b,0.0
13,44,0.95,s,0.998046875
13,44,0.95,a,1.0
13,44,0.95,b,0.0
14,44,0.95,s,1.0
14,44,0.95,a,1.0
14,44,0.95,b,0.0
15,44,0.95,s,1.0
15,44,0.95,a,1.0
15,44,0.95,b,0.0
16,44,0.95,s,1.0
16,44,0.95,a,1.0
16,44,0.95,b,0.0
17,44,0.95,s,1.0
17,44,0.95,a,1.0
17,44,0.95,b,0.0
18,44,0.95,s,1.0
18,44,0.95,a,1.0
18,44,0.95,b,0.0
19,44,0.95,s,1.0
19,44,0.95,a,1.0
19,44,0.95,b,0.0
20,44,0.95,s,1.0
20,44,0.95,a,1.0
20,44,0.95,b,0.0
1,45,0.95,s,1.0
1,45,0.95,a,0.9541015625
1,45,0.95,b,0.0458984375
2,45,0.95,s,0.9541015625
2,45,0.95,a,0.9990234375
2,45,0.95,b,0.0
3,45,0.95,s,0.9990234375
3,45,0.95,a,1.0
3,45,0.95,b,0.0
4,45,0.95,s,1.0
4,45,0.95,a,1.0
4,45,0.95,b,0.0
5,45,0.95,s,1.0
5,45,0.95,a,1.0
5,45,0.95,b,0.0
6,45,0.95,s,1.0
6,45,0.95,a,1.0
6,45,0.95,b,0.0
7,45,0.95,s,1.0
7,45,0.95,a,1.0
7,45,0.95,b,0.0
8,45,0.95,s,1.0
8,45,0.95,a,1.0
8,45,0.95,b,0.0
9,45,0.95,s,1.0
9,45,0.95,a,1.0
9,45,0.95,b,0.0
10,45,0.95,s,1.0
10,45,0.95,a,1.0
10,45,0.95,b,0.0
11,45,0.95,s,1.0
11,45,0.95,a,1.0
11,45,0.95,b,0.0
12,45,0.95,s,1.0
12,45,0.95,a,1.0
12,45,0.95,b,0.0
13,45,0.95,s,1.0
13,45,0.95,a,1.0
13,45,0.95,b,0.0
14,45,0.95,s,1.0
14,45,0.95,a,1.0
14,45,0.95,b,0.0
15,45,0.95,s,1.0
15,45,0.95,a,1.0
15,45,0.95,b,0.0
16,45,0.95,s,1.0
16,45,0.95,a,1.0
16,45,0.95,b,0.0
17,45,0.95,s,1.0
17,45,0.95,a,1.0
17,45,0.95,b,0.0
18,45,0.95,s,1.0
18,45,0.95,a,1.0
18,45,0.95,b,0.0
19,45,0.95,s,1.0
19,45,0.95,a,1.0
19,45,0.95,b,0.0
20,45,0.95,s,1.0
20,45,0.95,a,1.0
20,45,0.95,b,0.0
1,46,0.95,s,1.0
1,46,0.95,a,0.9453125
1,46,0.95,b,0.0546875
2,46,0.95,s,0.9404296875
2,46,0.95,a,0.994140625
2,46,0.95,b,0.0
3,46,0.95,s,0.994140625
3,46,0.95,a,1.0
3,46,0.95,b,0.0
4,46,0.95,s,1.0
4,46,0.95,a,1.0
4,46,0.95,b,0.0
5,46,0.95,s,1.0
5,46,0.95,a,1.0
5,46,0.95,b,0.0
6,46,0.95,s,1.0
6,46,0.95,a,1.0
6,46,0.95,b,0.0
7,46,0.95,s,1.0
7,46,0.95,a,1.0
7,46,0.95,b,0.0
8,46,0.95,s,1.0
8,46,0.95,a,1.0
8,46,0.95,b,0.0
9,46,0.95,s,1.0
9,46,0.95,a,1.0
9,46,0.95,b,0.0
10,46,0.95,s,1.0
10,46,0.95,a,1.0
10,46,0.95,b,0.0
11,46,0.95,s,1.0
11,46,0.95,a,1.0
11,46,0.95,b,0.0
12,46,0.95,s,0.9970703125
12,46,0.95,a,0.9970703125
12,46,0.95,b,0.0
13,46,0.95,s,0.9970703125
13,46,0.95,a,1.0
13,46,0.95,b,0.0
14,46,0.95,s,1.0
14,46,0.95,a,1.0
14,46,0.95,b,0.0
15,46,0.95,s,1.0
15,46,0.95,a,1.0
15,46,0.95,b,0.0
16,46,0.95,s,1.0
16,46,0.95,a,1.0
16,46,0.95,b,0.0
17,46,0.95,s,1.0
17,46,0.95,a,1.0
17,46,0.95,b,0.0
18,46,0.95,s,1.0
18,46,0.95,a,1.0
18,46,0.95,b,0.0
19,46,0.95,s,1.0
19,46,0.95,a,1.0
19,46,0.95,b,0.0
20,46,0.95,s,1.0
20,46,0.95,a,1.0
20,46,0.95,b,0.0
1,47,0.95,s,1.0
1,47,0.95,a,0.9501953125
1,47,0.95,b,0.0498046875
2,47,0.95,s,0.9345703125
2,47,0.95,a,0.9775390625
2,47,0.95,b,0.0
3,47,0.95,s,0.974609375
3,47,0.95,a,0.990234375
3,47,0.95,b,0.0
4,47,0.95,s,0.990234375
4,47,0.95,a,1.0
4,47,0.95,b,0.0
5,47,0.95,s,1.0
5,47,0.95,a,1.0
5,47,0.95,b,0.0
6,47,0.95,s,1.0
6,47,0.95,a,1.0
6,47,0.95,b,0.0
7,47,0.95,s,1.0
7,47,0.95,a,1.0
7,47,0.95,b,0.0
8,47,0.95,s,1.0
8,47,0.95,a,1.0
8,47,0.95,b,0.0
9,47,0.95,s,1.0
9,47,0.95,a,1.0
9,47,0.95,b,0.0
10,47,0.95,s,1.0
10,47,0.95,a,1.0
10,47,0.95,b,0.0
11,47,0.95,s,1.0
11,47,0.95,a,1.0
11,47,0.95,b,0.0
12,47,0.95,s,1.0
12,47,0.95,a,1.0
12,47,0.95,b,0.0
13,47,0.95,s,1.0
13,47,0.95,a,1.0
13,47,0.95,b,0.0
14,47,0.95,s,1.0
14,47,0.95,a,1.0
14,47,0.95,b,0.0
15,47,0.95,s,1.0
15,47,0.95,a,1.0
15,47,0.95,b,0.0
16,47,0.95,s,1.0
16,47,0.95,a,1.0
16,47,0.95,b,0.0
17,47,0.95,s,1.0
17,47,0.95,a,1.0
17,47,0.95,b,0.0
18,47,0.95,s,1.0
18,47,0.95,a,1.0
18,47,0.95,b,0.0
19,47,0.95,s,1.0
19,47,0.95,a,1.0
19,47,0.95,b,0.0
20,47,0.95,s,1.0
20,47,0.95,a,1.0
20,47,0.95,b,0.0
1,48,0.95,s,1.0
1,48,0.95,a,0.9541015625
1,48,0.95,b,0.0458984375
2,48,0.95,s,0.951171875
2,48,0.95,a,0.99609375
2,48,0.95,b,0.0
3,48,0.95,s,0.99609375
3,48,0.95,a,1.0
3,48,0.95,b,0.0
4,48,0.95,s,1.0
4,48,0.95,a,1.0
4,48,0.95,b,0.0
5,48,0.95,s,1.0
5,48,0.95,a,1.0
5,48,0.95,b,0.0
6,48,0.95,s,1.0
6,48,0.95,a,1.0
6,48,0.95,b,0.0
7,48,0.95,s,1.0
7,48,0.95,a,1.0
7,48,0.95,b,0.0
8,48,0.95,s,1.0
8,48,0.95,a,1.0
8,48,0.95,b,0.0
9,48,0.95,s,1.0
9,48,0.95,a,1.0
9,48,0.95,b,0.0
10,48,0.95,s,1.0
10,48,0.95,a,1.0
10,48,0.95,b,0.0
11,48,0.95,s,1.0
11,48,0.95,a,1.0
11,48,0.95,b,0.0
12,48,0.95,s,1.0
12,48,0.95,a,1.0
12,48,0.95,b,0.0
13,48,0.95,s,1.0
13,48,0.95,a,1.0
13,48,0.95,b,0.0
14,48,0.95,s,1.0
14,48,0.95,a,1.0
14,48,0.95,b,0.0
15,48,0.95,s,0.9990234375
15,48,0.95,a,0.9990234375
15,48,0.95,b,0.0
16,48,0.95,s,0.9990234375
16,48,0.95,a,1.0
16,48,0.95,b,0.0
17,48,0.95,s,1.0
17,48,0.95,a,1.0
17,48,0.95,b,0.0
18,48,0.95,s,1.0
18,48,0.95,a,1.0
18,48,0.95,b,0.0
19,48,0.95,s,1.0
19,48,0.95,a,1.0
19,48,0.95,b,0.0
20,48,0.95,s,1.0
20,48,0.95,a,1.0
20,48,0.95,b,0.0
1,49,0.95,s,1.0
1,49,0.95,a,0.947265625
1,49,0.95,b,0.052734375
2,49,0.95,s,0.94140625
2,49,0.95,a,0.9931640625
2,49,0.95,b,0.0
3,49,0.95,s,0.9931640625
3,49,0.95,a,1.0
3,49,0.95,b,0.0
4,49,0.95,s,1.0
4,49,0.95,a,1.0
4,49,0.95,b,0.0
5,49,0.95,s,1.0
5,49,0.95,a,1.0
5,49,0.95,b,0.0
6,49,0.95,s,1.0
6,49,0.95,a,1.0
6,49,0.95,b,0.0
7,49,0.95,s,1.0
7,49,0.95,a,1.0
7,49,0.95,b,0.0
8,49,0.95,s,1.0
8,49,0.95,a,1.0
8,49,0.95,b,0.0
9,49,0.95,s,1.0
9,49,0.95,a,1.0
9,49,0.95,b,0.0
10,49,0.95,s,1.0
10,49,0.95,a,1.0
10,49,0.95,b,0.0
11,49,0.95,s,1.0
11,49,0.95,a,1.0
11,49,0.95,b,0.0
12,49,0.95,s,1.0
12,49,0.95,a,1.0
12,49,0.95,b,0.0
13,49,0.95,s,1.0
13,49,0.95,a,1.0
13,49,0.95,b,0.0
14,49,0.95,s,1.0
14,49,0.95,a,1.0
14,49,0.95,b,0.0
15,49,0.95,s,1.0
15,49,0.95,a,1.0
15,49,0.95,b,0.0
16,49,0.95,s,1.0
16,49,0.95,a,1.0
16,49,0.95,b,0.0
17,49,0.95,s,1.0
17,49,0.95,a,1.0
17,49,0.95,b,0.0
18,49,0.95,s,1.0
18,49,0.95,a,1.0
18,49,0.95,b,0.0
19,49,0.95,s,1.0
19,49,0.95,a,1.0
19,49,0.95,b,0.0
20,49,0.95,s,1.0
20,49,0.95,a,1.0
20,49,0.95,b,0.0
1,50,0.95,s,1.0
1,50,0.95,a,0.951171875
1,50,0.95,b,0.048828125
2,50,0.95,s,0.951171875
2,50,0.95,a,0.9990234375
2,50,0.95,b,0.0
3,50,0.95,s,0.9990234375
3,50,0.95,a,1.0
3,50,0.95,b,0.0
4,50,0.95,s,1.0
4,50,0.95,a,1.0
4,50,0.95,b,0.0
5,50,0.95,s,1.0
5,50,0.95,a,1.0
5,50,0.95,b,0.0
6,50,0.95,s,1.0
6,50,0.95,a,1.0
6,50,0.95,b,0.0
7,50,0.95,s,0.998046875
7,50,0.95,a,0.998046875
7,50,0.95,b,0.0
8,50,0.95,s,0.998046875
8,50,0.95,a,1.0
8,50,0.95,b,0.0
9,50,0.95,s,1.0
9,50,0.95,a,1.0
9,50,0.95,b,0.0
10,50,0.95,s,1.0
10,50,0.95,a,1.0
10,50,0.95,b,0.0
11,50,0.95,s,1.0
11,50,0.95,a,1.0
11,50,0.95,b,0.0
12,50,0.95,s,1.0
12,50,0.95,a,1.0
12,50,0.95,b,0.0
13,50,0.95,s,1.0
13,50,0.95,a,1.0
13,50,0.95,b,0.0
14,50,0.95,s,1.0
14,50,0.95,a,1.0
14,50,0.95,b,0.0
15,50,0.95,s,1.0
15,50,0.95,a,1.0
15,50,0.95,b,0.0
16,50,0.95,s,1.0
16,50,0.95,a,1.0
16,50,0.95,b,0.0
17,50,0.95,s,1.0
17,50,0.95,a,1.0
17,50,0.95,b,0.0
18,50,0.95,s,1.0
18,50,0.95,a,1.0
18,50,0.95,b,0.0
19,50,0.95,s,1.0
19,50,0.95,a,1.0
19,50,0.95,b,0.0
20,50,0.95,s,1.0
20,50,0.95,a,1.0
20,50,0.95,b,0.0
